sku;Brand;name;genere;price;url;img;appoggio;categ-running;tipo-runner;obiettivo_runner;peso_runner;larghezza_pianta;superficie_di_corsa;comfort_scarpa_running;relazioni;taglia

E9BOSG1102901069;Brooks;Brooks Levitate 2 Uomo Nero-Azzurro;Uomo;99.000000;https://sportnetit.com/brooks-levitate-2-uomo-nero-azzurro.html;https://sportnetit.com/pub/media/catalog/product/b/r/brooks-levitate-2-uomo-azzurro-110290_069_l_wr.jpg;Neutro;(A2) Performance;Runner Assiduo,Podista;15-21 km,21-42 km,42 km ed Oltre;60-80 kg,80-100 kg;Media;Strada,Palestra/Tapis Roulant;Morbida,Performance;Levitate 2 Uomo;46, 
E9BOSG1102901894;Brooks;Brooks Levitate 2 Rosso;Uomo;99.000000;https://sportnetit.com/brooks-levitate-2-uomo-rossa-1102901-894.html;https://sportnetit.com/pub/media/catalog/product/l/e/levitate-rossa-1102901d894-0-1.jpg;Neutro;(A2) Performance;Runner Assiduo,Podista;15-21 km,21-42 km,42 km ed Oltre;60-80 kg,80-100 kg;Media;Strada,Palestra/Tapis Roulant;Morbida,Performance;Levitate 2 Uomo;45.5, 46, 
E9SLSK4065750;Salomon;Salomon Speedcross 4 GTX Uomo Nera-Verde-Rossa;Uomo;99.000000;https://sportnetit.com/salomon-speedcross-4-gtx-uomo-4065750.html;https://sportnetit.com/pub/media/catalog/product/s/a/salomon-speedcross-4-gtx-nera-rossa-verde.jpg;Neutro;(A2) Performance;Runner Assiduo,Podista;5-10 km,15-21 km,21-42 km;Meno di 60 kg,60-80 kg,80-100 kg;Stretta,Media;Sterrato;Morbida,Performance;;40.5, 
I9DISG174468C7861;Diadora;Diadora Mythos Blushield 3 Virtual Pink/Black Donna;Donna;95.000000;https://sportnetit.com/diadora-mythos-blushield-3-virtual-pink-black-donna.html;https://sportnetit.com/pub/media/catalog/product/d/i/diadora-blushield-3-donna-101.174468_c7861_01_hr.jpg;Neutro;(A3) Max.Ammortizzazione - Neutra;Camminata,Tenersi in Forma;5-10 km,15-21 km;40-60 kg;Media;Strada,Palestra/Tapis Roulant;Morbida;;36.5, 
E9MZSGGD182909;Mizuno;Mizuno Wave Knit R2 Uomo;Uomo;99.000000;https://sportnetit.com/mizuno-wave-knit-r2-09.html;https://sportnetit.com/pub/media/catalog/product/m/i/mizuno-wave-knit-uomo-gd1829-09.jpg;Neutro;(A3) Max.Ammortizzazione - Neutra;Tenersi in Forma,Runner Assiduo;5-10 km,15-21 km,21-42 km;60-80 kg,80-100 kg;Media;Strada,Palestra/Tapis Roulant;Morbida;;45, 
I9BOSG1102991021;Brooks;Brooks Transcend 6 Uomo Red-Black;Uomo;102.000000;https://sportnetit.com/brooks-transcend-6-uomo-red-black.html;https://sportnetit.com/pub/media/catalog/product/b/r/brooks__110299021__l.jpg;Neutro;(A4) Ammortizzata-Stabile;Runner Assiduo,Podista;5-10 km,15-21 km,21-42 km,42 km ed Oltre;80-100 kg,Sopra 100 kg;Media;Strada,Palestra/Tapis Roulant;Morbida,Durevole;;, 
I9BOSG1102901027;Brooks;Brooks  Levitate 2 Grey-NightLife-Black;Uomo;99.000000;https://sportnetit.com/brooks-running-levitate-2.html;https://sportnetit.com/pub/media/catalog/product/b/r/brooks-levitate-2-uomo-grigio-verde.jpg;Neutro;(A2) Performance;Runner Assiduo,Podista;15-21 km,21-42 km,42 km ed Oltre;60-80 kg,80-100 kg;Media;Strada,Palestra/Tapis Roulant;Morbida,Performance;Levitate 2 Uomo;45.5, 
I9DISG174900C1141;Diadora;Diadora Eagle 2 Con Strappi Blu ;Uomo;35.000000;https://sportnetit.com/diadora-scarpa-eagle-2-c1141.html;https://sportnetit.com/pub/media/catalog/product/d/i/diadora_eagle_2_con_strappi_blu.jpg;Neutro;Entry level-Amatore;Camminata;Meno di 5km;Meno di 60 kg,60-80 kg;Media;Strada,Palestra/Tapis Roulant;Morbida;;47, 
I9HOSG1102500BLK;Hoka;Hoka Speedgoat 3 Impermeabile da Uomo Nera;Uomo;118.000000;https://sportnetit.com/hoka-speedgoat-3-wp-da-uomo.html;https://sportnetit.com/pub/media/catalog/product/h/o/hoka-speedgoat-3-impermeabile-black-drizzle-5.jpg;Neutro;(A3) Max.Ammortizzazione - Neutra;Runner Assiduo,Podista;5-10 km,15-21 km,21-42 km,42 km ed Oltre;Meno di 60 kg,60-80 kg,80-100 kg;Media;Sterrato;Morbida,Performance;;41, 45, 
I9HOSG1019270ADG;Hoka;Hoka Bondi 6 da Donna Arctic Dusk-Grape Juice;Donna;120.000000;https://sportnetit.com/hoka-bondi-6-da-donna.html;https://sportnetit.com/pub/media/catalog/product/h/o/hoka-bondi-6-donna-1019270-grape-1.jpg;Neutro;(A3) Max.Ammortizzazione - Neutra;Runner Assiduo,Podista;5-10 km,15-21 km,21-42 km,42 km ed Oltre;40-60 kg,Sopra 60 kg;Media;Strada,Palestra/Tapis Roulant;Morbida,Performance;;36.5, 
I9NYSG2049242;Saucony;Saucony Jazz 21 Uomo Slate Quake;Uomo;65.000000;https://sportnetit.com/saucony-jazz-21-uomo-42.html;https://sportnetit.com/pub/media/catalog/product/s/a/saucony-jazz-21-uomo-42.jpg;Neutro;(A3) Max.Ammortizzazione - Neutra;Tenersi in Forma,Runner Assiduo;Meno di 5km,5-10 km;Meno di 60 kg,60-80 kg;Stretta;Strada,Palestra/Tapis Roulant;Morbida;;46, 
I9SLSK4079650;Salomon;Salomon Speedcross 5 GTX Valiant Poppy/Black/Cherry Tomato;Uomo;109.000000;https://sportnetit.com/salomon-speedcross-5-gtx-trail-uomo.html;https://sportnetit.com/pub/media/catalog/product/s/a/salomon-speedcross-5-gtx-valiant-poppyblackcherry-tomato.jpg;Neutro;(A2) Performance;Runner Assiduo,Podista;5-10 km,15-21 km,21-42 km;Meno di 60 kg,60-80 kg,80-100 kg;Stretta,Media;Sterrato;Morbida,Performance;;44.5, 
S0NYSG2056725;Saucony;Saucony Jazz 22 da Uomo Black-Blue;Uomo;84.000000;https://sportnetit.com/saucony-jazz-22-da-uomo-25.html;https://sportnetit.com/pub/media/catalog/product/s/a/saucony-jazz-22-da-uomo-black-blue.jpg;Neutro;(A3) Max.Ammortizzazione - Neutra;Tenersi in Forma,Runner Assiduo;Meno di 5km,5-10 km;Meno di 60 kg,60-80 kg;Media;Strada,Palestra/Tapis Roulant;Morbida;;42, 42.5, 
S0NYSG2054645;Saucony;Saucony Triumph 17 da Uomo Grey-Black;Uomo;99.000000;https://sportnetit.com/saucony-triumph-17-da-uomo-45.html;https://sportnetit.com/pub/media/catalog/product/s/a/saucony-triumph-17-da-uomo-grey-black.jpg;Neutro;(A3) Max.Ammortizzazione - Neutra;Tenersi in Forma,Runner Assiduo,Podista;5-10 km,15-21 km,21-42 km,42 km ed Oltre;60-80 kg,80-100 kg,Sopra 100 kg;Media,Larga;Strada,Palestra/Tapis Roulant;Morbida,Durevole;Triumph 17;41, 42, 
S0ASSG1012A651400;Asics;Asics GT 1000 9 Peacot-Black da Donna;Donna;79.000000;https://sportnetit.com/asics-gt-1000-9-peacot-black-da-donna.html;https://sportnetit.com/pub/media/catalog/product/a/s/asics-gt-1000-9-peacot-black-da-donna.jpg;Pronazione Leggera;(A4) Ammortizzata-Stabile;Camminata,Tenersi in Forma,Runner Assiduo;Meno di 5km,5-10 km,15-21 km;Meno di 40 kg,40-60 kg;Stretta,Media;Strada,Palestra/Tapis Roulant;Morbida,Durevole;;37, 
S0DISG174931C0787;Diadora;Diadora Mythos MDS Uomo Nera-Grigia;Uomo;59.000000;https://sportnetit.com/diadora-mythos-mds-uomo-c0787.html;https://sportnetit.com/pub/media/catalog/product/d/i/diadora-mythos-mds-uomo-nera-grigia.jpg;Neutro;(A3) Max.Ammortizzazione - Neutra;Camminata,Tenersi in Forma;Meno di 5km,5-10 km;Meno di 60 kg,60-80 kg;Larga;Strada,Palestra/Tapis Roulant;Morbida;Mythos MDS;42.5, 45, 47.5, 48, 
S0DISG174930C8397;Diadora;Diadora Mythos MDS Donna Red-White;Donna;59.000000;https://sportnetit.com/diadora-mythos-mds-donna-c8397.html;https://sportnetit.com/pub/media/catalog/product/d/i/diadora-mythos-mds-donna-red-white.jpg;Neutro;(A3) Max.Ammortizzazione - Neutra;Camminata,Tenersi in Forma;Meno di 5km,5-10 km;Meno di 40 kg,40-60 kg;Larga;Strada,Palestra/Tapis Roulant;Morbida;Mythos MDS Donna;38, 39, 41, 42, 
S0DISG174930C1531;Diadora;Diadora Mythos MDS Donna Nera-Grigia;Donna;59.000000;https://sportnetit.com/diadora-mythos-mds-donna-c1531.html;https://sportnetit.com/pub/media/catalog/product/d/i/diadora-mythos-mds-donna-nera-grigia.jpg;Neutro;(A3) Max.Ammortizzazione - Neutra;Camminata,Tenersi in Forma;Meno di 5km,5-10 km;Meno di 40 kg,40-60 kg;Larga;Strada,Palestra/Tapis Roulant;Morbida;Mythos MDS Donna;36.5, 38, 39, 42, 
S0SLSK40957300;Salomon;Salomon Speedcross 5 Goretex Arancione;Uomo;112.000000;https://sportnetit.com/salomon-speedcross-5-goretex-40957300.html;https://sportnetit.com/pub/media/catalog/product/s/a/salomon-speedcross-5-goretex-arancione.jpg;Neutro;(A2) Performance;Runner Assiduo,Podista;5-10 km,15-21 km,21-42 km;Meno di 60 kg,60-80 kg,80-100 kg;Stretta,Media;Sterrato;Morbida,Performance;;44.5, 
S0MZSGGD200901;Mizuno;Mizuno Wave Ultima 11 da Donna Nero-Giallo;Donna;84.000000;https://sportnetit.com/mizuno-wave-ultima-11-09-donna.html;https://sportnetit.com/pub/media/catalog/product/m/i/mizuno-wave-ultima-11-da-donna-nero-giallo.jpg;Neutro;(A3) Max.Ammortizzazione - Neutra;Tenersi in Forma,Runner Assiduo,Podista;5-10 km,15-21 km,21-42 km,42 km ed Oltre;40-60 kg,Sopra 60 kg;Media;Strada,Palestra/Tapis Roulant;Durevole,Performance;;37, 38, 38.5, 39, 40, 40.5, 
S0MZSGGD190909;Mizuno;Mizuno Wave Ultima 11 da Donna Nero-Giallo;Donna;98.000000;https://sportnetit.com/mizuno-wave-ultima-11-09-donna.html;https://sportnetit.com/pub/media/catalog/product/m/i/mizuno-wave-ultima-11-da-donna-nero-giallo.jpg;Neutro;(A3) Max.Ammortizzazione - Neutra;Tenersi in Forma,Runner Assiduo,Podista;5-10 km,15-21 km,21-42 km,42 km ed Oltre;40-60 kg,Sopra 60 kg;Media;Strada,Palestra/Tapis Roulant;Durevole,Performance;;, 41, 
S0MZSGGC200936;Mizuno;Mizuno Wave Skyrise da Uomo Metal-IceGreen;Uomo;84.000000;https://sportnetit.com/mizuno-wave-skyrise-36.html;https://sportnetit.com/pub/media/catalog/product/m/i/mizuno-wave-skyrise-da-uomo-metal-icegreen.jpg;Neutro;(A3) Max.Ammortizzazione - Neutra;Tenersi in Forma,Runner Assiduo,Podista;5-10 km,15-21 km,21-42 km;Meno di 60 kg,60-80 kg;Media;Strada,Palestra/Tapis Roulant;Morbida,Durevole;Skyrise Uomo;44, 
47700;Asics;Asics Metaride da Uomo Mako Blue;Uomo;175.000000;https://sportnetit.com/asics-metaride-running-400.html;https://sportnetit.com/pub/media/catalog/product/a/s/asics-metaride-da-uomo-mako-blue.jpg;Neutro;(A2) Performance;Runner Assiduo,Podista;Meno di 5km,5-10 km,15-21 km,21-42 km,42 km ed Oltre;60-80 kg,80-100 kg;Media;Strada,Palestra/Tapis Roulant;Performance;;41.5, 42, 42.5, 43.5, 44, 44.5, 45, 46, 46.5, 47, 
S0ASSG1011A817100;Asics;Asics Glideride Uomo Bianca-Oro;Uomo;95.000000;https://sportnetit.com/asics-glideride-uomo-bianca-oro.html;https://sportnetit.com/pub/media/catalog/product/a/s/asics-glideride-uomo-bianca-oro.jpg;Neutro;(A2) Performance;Runner Assiduo,Podista;Meno di 5km,5-10 km,15-21 km,21-42 km;Meno di 60 kg,60-80 kg;Media;Strada,Palestra/Tapis Roulant;Performance;Glideride Uomo;42, 44, 
S0ASSG1011A167102;Asics;Asics Jolt 2 Bianche;Uomo;35.000000;https://sportnetit.com/asics-jolt-2-running-scarpe-bianche.html;https://sportnetit.com/pub/media/catalog/product/a/s/asics-jolt-2-bianche.jpg;Neutro;Entry level-Amatore;Camminata,Tenersi in Forma;Meno di 5km,5-10 km;Meno di 60 kg,60-80 kg;Media;Strada,Palestra/Tapis Roulant;Morbida;;42.5, 44, 46, 
S0UASB3022604100;Under Armour;Under Armour Charged Pursuit 2 Bianca da Donna;Donna;42.000000;https://sportnetit.com/under-armour-charged-pursuit-2-bianca-da-donna.html;https://sportnetit.com/pub/media/catalog/product/u/n/under-armour-charged-pursuit-2-bianca-da-donna.jpg;Neutro;(A3) Max.Ammortizzazione - Neutra;Camminata,Tenersi in Forma;Meno di 5km,5-10 km;Meno di 40 kg,40-60 kg;Media;Strada,Palestra/Tapis Roulant;Morbida;Charged Pursuit 2;36, 37.5, 
S0BOSG1103161009;Brooks;Brooks Ghost 12 Black-Turbulence-Orange;Uomo;89.000000;https://sportnetit.com/brooks-ghost-12-009.html;https://sportnetit.com/pub/media/catalog/product/b/r/brooks-ghost-12-black-turbulence-orange.jpg;Neutro;(A3) Max.Ammortizzazione - Neutra;Tenersi in Forma,Runner Assiduo,Podista;5-10 km,15-21 km,21-42 km,42 km ed Oltre;Meno di 60 kg,60-80 kg;Media;Strada,Palestra/Tapis Roulant;Morbida,Durevole;Ghost 12 Uomo;46.5, 
S0BOSG1103151053;Brooks;Brooks Ricochet 2 Black-Grey-Blue;Uomo;98.000000;https://sportnetit.com/brooks-ricochet-2-053.html;https://sportnetit.com/pub/media/catalog/product/b/r/brooks-ricochet-2-black-grey-blue.jpg;Neutro;(A2) Performance;Runner Assiduo,Podista;Meno di 5km,5-10 km,15-21 km;Meno di 60 kg,60-80 kg;Media;Strada,Palestra/Tapis Roulant;Morbida,Performance;;44, 45, 45.5, 
S0UASG3022587600;Under Armour;Under Armour Hovr Infinite 2 Nera-Rossa;Uomo;98.000000;https://sportnetit.com/under-armour-hovr-infinite-2-nera-rossa.html;https://sportnetit.com/pub/media/catalog/product/u/n/under-armour-hovr-infinite-2-nera-rossa.jpg;Neutro;(A3) Max.Ammortizzazione - Neutra;Runner Assiduo,Podista;5-10 km,15-21 km,21-42 km;60-80 kg,80-100 kg;Media;Strada,Palestra/Tapis Roulant;Morbida,Performance;;45, 
S0UASB3022604001;Under Armour;Under Armour Charged Pursuit 2 Nera-Bianca da Donna;Donna;42.000000;https://sportnetit.com/under-armour-charged-pursuit-2-da-donna-001.html;https://sportnetit.com/pub/media/catalog/product/u/n/under-armour-charged-pursuit-2-da-donna-nera-bianca.jpg;Neutro;(A3) Max.Ammortizzazione - Neutra;Camminata,Tenersi in Forma;Meno di 5km,5-10 km;Meno di 40 kg,40-60 kg;Media;Strada,Palestra/Tapis Roulant;Morbida;Charged Pursuit 2;36, 36.5, 39, 
S0UASB3022594003;Under Armour;Under Armour Charged Pursuit 2 Total Black;Uomo;42.000000;https://sportnetit.com/under-armour-charged-pursuit-2-003.html;https://sportnetit.com/pub/media/catalog/product/u/n/under-armour-charged-pursuit-2-total-black.jpg;Neutro;(A3) Max.Ammortizzazione - Neutra;Camminata,Tenersi in Forma;Meno di 5km,5-10 km;Meno di 60 kg,60-80 kg;Media;Strada,Palestra/Tapis Roulant;Morbida;Charged Pursuit 2;42, 
S0UASB3022594001;Under Armour;Under Armour Charged Pursuit 2 Nera-Bianca;Uomo;42.000000;https://sportnetit.com/under-armour-charged-pursuit-2-001.html;https://sportnetit.com/pub/media/catalog/product/u/n/under-armour-charged-pursuit-2-nera-bianca.jpg;Neutro;(A3) Max.Ammortizzazione - Neutra;Camminata,Tenersi in Forma;Meno di 5km,5-10 km;Meno di 60 kg,60-80 kg;Media;Strada,Palestra/Tapis Roulant;Morbida;Charged Pursuit 2;40, 
S0ADSGEF0778;Adidas;Adidas Solar Drive 19 Donna Viola;Donna;69.000000;https://sportnetit.com/adidas-solar-drive-19-donna-viola.html;https://sportnetit.com/pub/media/catalog/product/a/d/adidas-solar-drive-19-donna-viola.jpg;Neutro;(A3) Max.Ammortizzazione - Neutra;Runner Assiduo,Podista;Meno di 5km,5-10 km,15-21 km;Meno di 40 kg,40-60 kg;Media;Strada,Palestra/Tapis Roulant;Performance;;40, 40.5, 
S0ADSKCM7635;Adidas;Adidas Terrex Tracerocker Nera - Blu;Uomo;79.000000;https://sportnetit.com/adidas-terrex-tracerocker-nera-blu.html;https://sportnetit.com/pub/media/catalog/product/a/d/adidas-terrex-tracerocker-nera---blu---2.jpg;Neutro;(A3) Max.Ammortizzazione - Neutra;Runner Assiduo;5-10 km,15-21 km,21-42 km;Meno di 60 kg,60-80 kg;Media;Sterrato;Durevole,Performance;;40.5, 44, 
S0BOSG1103232064;Brooks;Brooks Dyad 11 da Uomo Pianta Larga (2E) Black-Ebony-Blue;Uomo;98.000000;https://sportnetit.com/brooks-dyad-11-da-uomo-064.html;https://sportnetit.com/pub/media/catalog/product/b/r/brooks-dyad-11-da-uomo-pianta-larga-_2e_-black-ebony-blue.jpg;Neutro;(A4) Ammortizzata-Stabile;Camminata,Tenersi in Forma;Meno di 5km,5-10 km,15-21 km;80-100 kg,Sopra 100 kg;Larga;Strada,Palestra/Tapis Roulant;Morbida,Durevole;Dyad 11 Uomo;41, 42, 42.5, 43, 44, 46.5, 49.5, 
S0DISG175619C8373;Diadora;Diadora Mythos Blushield 5 da Donna Bianca-Azzurra;Donna;95.000000;https://sportnetit.com/diadora-mythos-blushield-5-da-donna-bianca-azzurra.html;https://sportnetit.com/pub/media/catalog/product/d/i/diadora-mythos-blushield-5-da-donna-bianca-azzurra.jpg;Neutro;(A3) Max.Ammortizzazione - Neutra;Camminata,Tenersi in Forma;5-10 km,15-21 km;40-60 kg;Media;Strada,Palestra/Tapis Roulant;Morbida;Mythos Blushield 5 da Donna;39, 41, 
S0BOSG1103231064;Brooks;Brooks Dyad 11 da Uomo Pianta Normale (1D) Black-Ebony-Blue;Uomo;99.000000;https://sportnetit.com/brooks-dyad-11-da-uomo-pianta-normale-1d-black-ebony-blue.html;https://sportnetit.com/pub/media/catalog/product/b/r/brooks-dyad-11-da-uomo-pianta-larga-_2e_-black-ebony-blue.jpg;Neutro;(A4) Ammortizzata-Stabile;Camminata,Tenersi in Forma;Meno di 5km,5-10 km,15-21 km;80-100 kg,Sopra 100 kg;Media;Strada,Palestra/Tapis Roulant;Morbida,Durevole;Dyad 11 Uomo;42.5, 43, 
S0DISG175609C1379;Diadora;Diadora X Run Light 5 Donna Grigio Chiaro;Donna;42.000000;https://sportnetit.com/diadora-x-run-light-5-donna-c1379.html;https://sportnetit.com/pub/media/catalog/product/d/i/diadora-x-run-light-5-donna-grigio-chiaro.jpg;Neutro;Entry level-Amatore;Camminata;Meno di 5km;Meno di 60 kg;Stretta;Strada,Palestra/Tapis Roulant;Morbida;;37, 
S0UASB3022604401;Under Armour;Under Armour Charged Pursuit 2 Viola da Donna;Donna;42.000000;https://sportnetit.com/under-armour-charged-pursuit-2-401-da-donna.html;https://sportnetit.com/pub/media/catalog/product/u/n/under-armour-charged-pursuit-2-viola-da-donna.jpg;Neutro;(A3) Max.Ammortizzazione - Neutra;Camminata,Tenersi in Forma;Meno di 5km,5-10 km;Meno di 40 kg,40-60 kg;Media;Strada,Palestra/Tapis Roulant;Morbida;Charged Pursuit 2;35.5, 38.5, 40, 
S0UASB3022594101;Under Armour;Under Armour Charged Pursuit 2 Bianche;Uomo;42.000000;https://sportnetit.com/under-armour-charged-pursuit-2-bianche.html;https://sportnetit.com/pub/media/catalog/product/u/n/under-armour-charged-pursuit-2-bianche.jpg;Neutro;(A3) Max.Ammortizzazione - Neutra;Camminata,Tenersi in Forma;Meno di 5km,5-10 km;Meno di 60 kg,60-80 kg;Media;Strada,Palestra/Tapis Roulant;Morbida;Charged Pursuit 2;40.5, 41, 42, 42.5, 44.5, 
F0BOSG1203171010;Brooks;Brooks Glycerin 18 Black-Coral-White da Donna;Donna;102.000000;https://sportnetit.com/brooks-glycerin-18-black-coral-white-da-donna.html;https://sportnetit.com/pub/media/catalog/product/b/r/brooks-glycerin-18-black-coral-white.jpg;Neutro;(A3) Max.Ammortizzazione - Neutra;Tenersi in Forma,Runner Assiduo,Podista;5-10 km,15-21 km,21-42 km,42 km ed Oltre;40-60 kg,Sopra 60 kg;Media;Strada,Palestra/Tapis Roulant;Morbida,Durevole;Glycerin 18 Donna;36.5, 38.5, 
F0BOSG1202961470;Brooks;Brooks Adrenaline Gts 20 Blue-Navy-Coral da Donna;Donna;98.000000;https://sportnetit.com/brooks-adrenaline-gts-20-blue-navy-coral-da-donna.html;https://sportnetit.com/pub/media/catalog/product/b/r/brooks-adrenaline-gts-20-blue-navy-coral-da-donna.jpg;Pronazione;(A4) Ammortizzata-Stabile;Tenersi in Forma,Runner Assiduo,Podista;5-10 km,15-21 km,21-42 km;Meno di 40 kg,40-60 kg;Media;Strada,Palestra/Tapis Roulant;Morbida,Performance;Adrenaline 20 Donna;39, 
F0BOSG1103291459;Brooks;Brooks Glycerin 18 Blue-Mazarine-Gold da Uomo;Uomo;102.000000;https://sportnetit.com/brooks-glycerin-18-blue-mazarine-gold-da-uomo.html;https://sportnetit.com/pub/media/catalog/product/b/r/brooks-glycerin-18-blue-mazarine-gold---3.jpg;Neutro;(A3) Max.Ammortizzazione - Neutra;Tenersi in Forma,Runner Assiduo,Podista;5-10 km,15-21 km,21-42 km,42 km ed Oltre;60-80 kg,80-100 kg,Sopra 100 kg;Media;Strada,Palestra/Tapis Roulant;Morbida,Durevole;Glycerin 18 Uomo;40.5, 41, 42, 42.5, 
F0BOSG120317470;Brooks;Brooks Glycerin 18 Cornflower-Blue-Gold da Donna;Donna;102.000000;https://sportnetit.com/brooks-glycerin-18-cornflower-blue-gold-da-donna.html;https://sportnetit.com/pub/media/catalog/product/b/r/brooks-glycerin-18-cornflower-blue-gold.jpg;Neutro;(A3) Max.Ammortizzazione - Neutra;Tenersi in Forma,Runner Assiduo,Podista;5-10 km,15-21 km,21-42 km,42 km ed Oltre;40-60 kg,Sopra 60 kg;Media;Strada,Palestra/Tapis Roulant;Morbida,Durevole;Glycerin 18 Donna;
F0BOSG1203121490;Brooks;Brooks Dyad 11 da Donna Pianta Larga (1D) Blue-Navy-Beetroot;Donna;105.000000;https://sportnetit.com/brooks-dyad-11-da-donna-490.html;https://sportnetit.com/pub/media/catalog/product/b/r/brooks-dyad-11-da-donna-blue-navy-beetroot.jpg;Neutro;(A4) Ammortizzata-Stabile;Camminata,Tenersi in Forma;Meno di 5km,5-10 km,15-21 km;Sopra 60 kg;Larga;Strada,Palestra/Tapis Roulant;Morbida,Durevole;Dyad 11 Donna;38.5, 39, 40.5, 41, 42, 42.5, 
F0BOSG1103391129;Brooks;Brooks Hyperion Tempo White-Black-Iced Aqua da Uomo;Uomo;112.500000;https://sportnetit.com/brooks-hyperion-tempo-white-black-iced-aqua-da-uomo.html;https://sportnetit.com/pub/media/catalog/product/b/r/brooks_hyperion_tempo_white-black-iced_aqua_da_uomo.jpg;Neutro;(A2) Performance;Runner Assiduo,Podista;5-10 km,15-21 km,21-42 km;Meno di 60 kg,60-80 kg;Stretta,Media;Strada,Palestra/Tapis Roulant;Morbida,Durevole;Hyperion Uomo;40.5, 
F0BOSG1103291032;Brooks;Brooks Glycerin 18 Black-Atomic Blue-White da Uomo;Uomo;102.000000;https://sportnetit.com/brooks-glycerin-18-black-atomic-blue-white-da-uomo.html;https://sportnetit.com/pub/media/catalog/product/b/r/brooks-glycerin-18-black-atomic-blue-white-3.jpg;Neutro;(A3) Max.Ammortizzazione - Neutra;Tenersi in Forma,Runner Assiduo,Podista;5-10 km,15-21 km,21-42 km,42 km ed Oltre;60-80 kg,80-100 kg,Sopra 100 kg;Media;Strada,Palestra/Tapis Roulant;Morbida,Durevole;Glycerin 18 Uomo;40, 40.5, 41, 42, 46, 47.5, 48.5, 
F0BOSG1103071097;Brooks;Brooks Adrenaline Gts 20 da Uomo Black-Nightlife-White;Uomo;98.000000;https://sportnetit.com/brooks-adrenaline-gts-20-black-nightlife-white-da-uomo.html;https://sportnetit.com/pub/media/catalog/product/b/r/brooks-adrenaline-gts-20-black-nightlife-white-da-uomo---4.jpg;Pronazione;(A4) Ammortizzata-Stabile;Tenersi in Forma,Runner Assiduo,Podista;5-10 km,15-21 km,21-42 km;Meno di 60 kg,60-80 kg,80-100 kg;Media;Strada,Palestra/Tapis Roulant;Morbida,Performance;Adrenaline 20 Uomo;40.5, 
F0BOSG1103481435;Brooks;Brooks Ghost 13 da Uomo Blue-Red-White;Uomo;105.000000;https://sportnetit.com/brooks-running-ghost-13-da-uomo-blue-red-white.html;https://sportnetit.com/pub/media/catalog/product/b/r/brooks-running-ghost-13-da-uomo-blue-red-white.jpg;Neutro;(A3) Max.Ammortizzazione - Neutra;Tenersi in Forma,Runner Assiduo,Podista;5-10 km,15-21 km,21-42 km,42 km ed Oltre;Sopra 60 kg,Meno di 60 kg;Media;Strada,Palestra/Tapis Roulant;Morbida,Durevole;Ghost 13 Uomo;41, 
F0BOSG1103481039;Brooks;Brooks Ghost 13 da Uomo Black-Nightlife-White;Uomo;105.000000;https://sportnetit.com/brooks-running-ghost-13-da-uomo-black-nightlife-white.html;https://sportnetit.com/pub/media/catalog/product/b/r/brooks-running-ghost-13-da-uomo-black-nightlife-white.jpg;Neutro;(A3) Max.Ammortizzazione - Neutra;Tenersi in Forma,Runner Assiduo,Podista;5-10 km,15-21 km,21-42 km,42 km ed Oltre;Sopra 60 kg,Meno di 60 kg;Media;Strada,Palestra/Tapis Roulant;Morbida,Durevole;Ghost 13 Uomo;41, 
F0BOSG1203381073;Brooks;Brooks Ghost 13 da Donna Grey-Atlantis-Black;Donna;105.000000;https://sportnetit.com/brooks-running-ghost-13-da-donna-grey-atlantis-black.html;https://sportnetit.com/pub/media/catalog/product/b/r/brooks-running-ghost-13-da-donna-grey-atlantis-black---3.jpg;Neutro;(A3) Max.Ammortizzazione - Neutra;Tenersi in Forma,Runner Assiduo,Podista;5-10 km,15-21 km,21-42 km;Meno di 40 kg,40-60 kg;Media;Strada,Palestra/Tapis Roulant;Morbida,Performance;Ghost 13 Donna;38.5, 40.5, 
F0NYSG2057910;Saucony;Saucony Running Ride 13 da Uomo Gialle;Uomo;98.000000;https://sportnetit.com/saucony-running-ride-13-da-uomo-gialle.html;https://sportnetit.com/pub/media/catalog/product/s/a/saucony-running-ride-13-da-uomo-gialle.jpg;Neutro;(A3) Max.Ammortizzazione - Neutra;Runner Assiduo,Podista;5-10 km,15-21 km;60-80 kg,80-100 kg;Media;Strada,Palestra/Tapis Roulant;Performance;Ride 13 Uomo;40.5, 43, 
F0NYSG2054820;Saucony;Saucony Running Guide 13 da Uomo Mineral Deep Teal;Uomo;98.000000;https://sportnetit.com/saucony-running-guide-13-da-uomo-mineral-deep-teal.html;https://sportnetit.com/pub/media/catalog/product/s/a/saucony-running-ride-13-da-uomo-mineral-deep-teal-4.jpg;;;;;;;;;;40.5, 41, 42, 42.5, 44.5, 46, 
F0ASSG1012A651023;Asics;Asics Gt 1000 9 da Donna Carrier Grey Black;Donna;89.000000;https://sportnetit.com/asics-running-gt-1000-9-da-donna-carrier-grey-black.html;https://sportnetit.com/pub/media/catalog/product/a/s/asics-running-gt-1000-9-da-donna-carrier-grey-black.jpg;Pronazione Leggera;(A4) Ammortizzata-Stabile;Camminata,Tenersi in Forma,Runner Assiduo;Meno di 5km,5-10 km,15-21 km;Meno di 40 kg,40-60 kg;Stretta,Media;Strada,Palestra/Tapis Roulant;Morbida,Durevole;;37.5, 
S0BOSG1202751064;Brooks;Brooks Dyad 10 Running Black-Ebony-Blue da Donna;Donna;105.000000;https://sportnetit.com/brooks-running-dyad-10-donna-blue-black.html;https://sportnetit.com/pub/media/catalog/product/b/r/brooks-dyad-10-running-black-ebony-blue-da-donna-3.jpg;;;;;;;;;;39, 42, 42.5, 
S0BOSG1102921099;Brooks;Brooks Running Revel 2 Grey-Yellow;Uomo;70.000000;https://sportnetit.com/brooks-runn-revel-2-grey-yellow.html;https://sportnetit.com/pub/media/catalog/product/b/r/brooks-running-revel-2-grey-yellow.jpg;Neutro;(A3) Max.Ammortizzazione - Neutra;Camminata,Tenersi in Forma;Meno di 5km,5-10 km,15-21 km;Meno di 60 kg,60-80 kg;Media;Strada,Palestra/Tapis Roulant;Performance;Revel 2 da Uomo;42.5, 44, 44.5, 45, 45.5, 46, 
S0BOSG1102864082;Brooks;Brooks Dyad 10 Pianta Extra-Larga (4E) da Uomo Grey Black Tan;Uomo;105.000000;https://sportnetit.com/brooks-dyad-10-pianta-extra-larga-4e-da-uomo-grey-black-tan.html;https://sportnetit.com/pub/media/catalog/product/b/r/brooks-dyad-10-pianta-extra-larga-_4e_-da-uomo-grey-black-tan---6.jpg;Neutro;(A4) Ammortizzata-Stabile;Camminata,Tenersi in Forma;Meno di 5km,5-10 km,15-21 km;80-100 kg,Sopra 100 kg;Larga;Strada,Palestra/Tapis Roulant;Morbida,Durevole;Dyad 10 Uomo;48.5, 49.5, 
S0BOSG1102864064;Brooks;Brooks Dyad 10 Pianta Extra-Larga (4E) da Uomo Black Ebony Blue;Uomo;105.000000;https://sportnetit.com/brooks-dyad-10-pianta-extra-larga-4e-da-uomo-black-ebony-blue.html;https://sportnetit.com/pub/media/catalog/product/b/r/brooks-dyad-10-pianta-extra-larga-_4e_-da-uomo-black-ebony-blue---4.jpg;Neutro;(A4) Ammortizzata-Stabile;Camminata,Tenersi in Forma;Meno di 5km,5-10 km,15-21 km;80-100 kg,Sopra 100 kg;Larga;Strada,Palestra/Tapis Roulant;Morbida,Durevole;Dyad 10 Uomo;42, 48.5, 49.5, 
F0BOSG1103451672;Brooks;Brooks Running Levitate 4 Red-Cherry Tomato-White;Uomo;119.000000;https://sportnetit.com/brooks-running-levitate-4-red-cherry-tomato-white.html;https://sportnetit.com/pub/media/catalog/product/b/r/brooks-running-levitate-4-red-cherry-tomato-white.jpg;Neutro;(A2) Performance;Runner Assiduo,Podista;15-21 km,21-42 km,42 km ed Oltre;60-80 kg,80-100 kg;Media;Strada,Palestra/Tapis Roulant;Morbida,Performance;Levitate 4 Uomo;40.5, 42.5, 44, 44.5, 45, 45.5, 46, 
F0BOSG1103451012;Brooks;Brooks Running Levitate 4 Black-Blackened Pearl White;Uomo;119.000000;https://sportnetit.com/brooks-running-levitate-4-black-blackened-pearl-white.html;https://sportnetit.com/pub/media/catalog/product/b/r/brooks-running-levitate-4-black-blackened-pearl-white.jpg;Neutro;(A2) Performance;Runner Assiduo,Podista;15-21 km,21-42 km,42 km ed Oltre;60-80 kg,80-100 kg;Media;Strada,Palestra/Tapis Roulant;Morbida,Performance;Levitate 4 Uomo;40.5, 41, 42, 43, 44, 45, 46, 
F0ASSG1011A690010;Asics;Asics Gt 2000 8 Running Black-Magnetic Blue da Uomo;Uomo;119.000000;https://sportnetit.com/asics-gt-2000-8-running-black-magnetic-blue-da-uomo.html;https://sportnetit.com/pub/media/catalog/product/a/s/asics-gt-2000-8-running-black-magnetic-blue-da-uomo.jpg;Pronazione;(A4) Ammortizzata-Stabile;Tenersi in Forma,Runner Assiduo;Meno di 5km,5-10 km,15-21 km;Meno di 60 kg,60-80 kg;Media;Strada,Palestra/Tapis Roulant;Morbida,Durevole;Asics GT 2000 8 da Uomo;42, 45, 47, 
F0DISG175631C1141;Diadora;Diadora Shindano 8 da Uomo Blu-Navy;Uomo;59.000000;https://sportnetit.com/diadora-shindano-8-da-uomo-c1141.html;https://sportnetit.com/pub/media/catalog/product/d/i/diadora-shindano-8-da-uomo-blu-navy.jpg;Neutro;(A4) Ammortizzata-Stabile;Camminata,Tenersi in Forma;Meno di 5km;80-100 kg,Sopra 100 kg;Media,Larga;Strada,Palestra/Tapis Roulant;Morbida;;42, 44, 
F0MZSGGC206209;Mizuno;Mizuno Wave Skyrise Amsterdam da Uomo;Uomo;84.000000;https://sportnetit.com/mizuno-wave-skyrise-amsterdam-da-uomo-09.html;https://sportnetit.com/pub/media/catalog/product/m/i/mizuno-wave-skyrise-uomo-gc206209.jpg;Neutro;(A3) Max.Ammortizzazione - Neutra;Tenersi in Forma,Runner Assiduo,Podista;5-10 km,15-21 km,21-42 km;Meno di 60 kg,60-80 kg;Media;Strada,Palestra/Tapis Roulant;Morbida,Durevole;Skyrise Uomo;42, 43, 45, 
F0HOSG1114631U;Hoka;Hoka Rincon 2 da Donna Team Pack Vintage Indigo;Donna;96.000000;https://sportnetit.com/hoka-rincon-da-donna-tk.html;https://sportnetit.com/pub/media/catalog/product/h/o/hoka-rincon-2-da-donna-team-pack-vintage-indigo.jpg;Neutro;(A3) Max.Ammortizzazione - Neutra;Tenersi in Forma,Runner Assiduo;5-10 km,15-21 km,21-42 km,42 km ed Oltre;Meno di 40 kg,40-60 kg,Sopra 60 kg;Stretta,Media;Strada,Palestra/Tapis Roulant;Morbida;Rincon Donna;37.5, 39, 41, 42, 
F0HOSG1110519ROSE;Hoka;Hoka Bondi 7 da Donna Rosa;Donna;120.000000;https://sportnetit.com/hoka-bondi-7-da-donna-rosa.html;https://sportnetit.com/pub/media/catalog/product/h/o/hoka-bondi-7-da-donna-rosa.jpg;Neutro;(A3) Max.Ammortizzazione - Neutra;Runner Assiduo,Podista;15-21 km,21-42 km,42 km ed Oltre;40-60 kg,Sopra 60 kg;Media,Larga;Strada,Palestra/Tapis Roulant;Morbida,Durevole;Bondi 7 Donna;36.5, 
F0HOSG1110519BLUE;Hoka;Hoka Bondi 7 da Donna Azzurra;Donna;120.000000;https://sportnetit.com/hoka-bondi-7-da-donna-blu.html;https://sportnetit.com/pub/media/catalog/product/h/o/hoka-bondi-7-da-donna-azzurra.jpg;Neutro;(A3) Max.Ammortizzazione - Neutra;Runner Assiduo,Podista;15-21 km,21-42 km,42 km ed Oltre;40-60 kg,Sopra 60 kg;Media,Larga;Strada,Palestra/Tapis Roulant;Morbida,Durevole;Bondi 7 Donna;39, 
F0HOSG1110512TOFU;Hoka;Hoka Carbon X Special Edition Tofu;Uomo;150.000000;https://sportnetit.com/hoka-carbon-x-spe-tofu.html;https://sportnetit.com/pub/media/catalog/product/h/o/hoka-carbon-x-spe-tofu.jpg;Neutro;(A2) Performance;Runner Assiduo,Podista;Meno di 5km,5-10 km,15-21 km,21-42 km,42 km ed Oltre;60-80 kg,80-100 kg;Media;Strada;Performance;Carbon X;41, 44.5, 
F0HOSG1110509LUN;Hoka;Hoka Clifton 7 da Donna Grigia;Donna;112.000000;https://sportnetit.com/hoka-clifton-7-da-donna-lun.html;https://sportnetit.com/pub/media/catalog/product/h/o/hoka-clifton-7-da-donna-grigia.jpg;Neutro;(A3) Max.Ammortizzazione - Neutra;Tenersi in Forma,Runner Assiduo,Podista;Meno di 5km,5-10 km,15-21 km,21-42 km,42 km ed Oltre;Meno di 40 kg,40-60 kg;Media;Strada,Palestra/Tapis Roulant;Morbida,Performance;Clifton 7 Donna;38, 
F0HOSG1110509BLK;Hoka;Hoka Clifton 7 da Donna Blu;Donna;112.000000;https://sportnetit.com/hoka-clifton-7-da-donna-nera-bianca.html;https://sportnetit.com/pub/media/catalog/product/h/o/hoka-clifton-7-da-donna-blu.jpg;Neutro;(A3) Max.Ammortizzazione - Neutra;Tenersi in Forma,Runner Assiduo,Podista;Meno di 5km,5-10 km,15-21 km,21-42 km,42 km ed Oltre;Meno di 40 kg,40-60 kg;Media;Strada,Palestra/Tapis Roulant;Morbida,Performance;Clifton 7 Donna;41, 
F0HOSG1110508OCE;Hoka;Hoka Clifton 7 da Uomo Oceano;Uomo;112.000000;https://sportnetit.com/hoka-clifton-7-da-uomo-oceano.html;https://sportnetit.com/pub/media/catalog/product/h/o/hoka-clifton-7-da-uomo-oceano.jpg;Neutro;(A3) Max.Ammortizzazione - Neutra;Tenersi in Forma,Runner Assiduo,Podista;Meno di 5km,5-10 km,15-21 km,21-42 km,42 km ed Oltre;60-80 kg,80-100 kg;Media;Strada,Palestra/Tapis Roulant;Morbida,Performance;Clifton 7 Uomo;42.5, 44, 44.5, 
F0HOSG1110508GRY;Hoka;Hoka Clifton 7 da Uomo Blu;Uomo;112.000000;https://sportnetit.com/hoka-clifton-7-da-uomo-blu.html;https://sportnetit.com/pub/media/catalog/product/h/o/hoka-clifton-7-da-uomo-blu.jpg;Neutro;(A3) Max.Ammortizzazione - Neutra;Tenersi in Forma,Runner Assiduo,Podista;Meno di 5km,5-10 km,15-21 km,21-42 km,42 km ed Oltre;60-80 kg,80-100 kg;Media;Strada,Palestra/Tapis Roulant;Morbida,Performance;Clifton 7 Uomo;43, 
F0HOSG1110508BLK;Hoka;Hoka Clifton 7 da Uomo Nera;Uomo;112.000000;https://sportnetit.com/hoka-clifton-7-da-uomo-nera.html;https://sportnetit.com/pub/media/catalog/product/h/o/hoka-clifton-7-da-uomo-nera.jpg;Neutro;(A3) Max.Ammortizzazione - Neutra;Tenersi in Forma,Runner Assiduo,Podista;Meno di 5km,5-10 km,15-21 km,21-42 km,42 km ed Oltre;60-80 kg,80-100 kg;Media;Strada,Palestra/Tapis Roulant;Morbida,Performance;Clifton 7 Uomo;42, 43, 
F0ASSG1011A767400;Asics;Asics Gel Kayano 27 da Uomo Peacot-Piedmont Grey;Uomo;129.000000;https://sportnetit.com/asics-gel-kayano-27-da-uomo-400.html;https://sportnetit.com/pub/media/catalog/product/a/s/asics-gel-kayano-27-da-uomo-peacot-piedmont-grey.jpg;Pronazione;(A4) Ammortizzata-Stabile;Tenersi in Forma,Runner Assiduo,Podista;5-10 km,15-21 km,21-42 km,42 km ed Oltre;80-100 kg,Sopra 100 kg;Media;Strada;Morbida,Durevole;Kayano 27 Uomo;42, 42.5, 43.5, 47, 
F0ADSGEG8662U;Adidas;Adidas Duramo 9 Grey;Uomo;44.000000;https://sportnetit.com/adidas-duramo-9-grey.html;https://sportnetit.com/pub/media/catalog/product/a/d/adidas-duramo-9-grey.jpg;;;;;;;;;;46, 46.5, 47.5, 
F0ADSGEG8609BLK;Adidas;Adidas Runfalcon Black - Sigcor;Uomo;40.000000;https://sportnetit.com/adidas-runfalcon-nere-sigcor.html;https://sportnetit.com/pub/media/catalog/product/a/d/adidas-runfalcon-black---sigcor.jpg;;;;;;;;;;40, 40.5, 41.5, 42, 42.5, 43.5, 44.5, 
F0DISG175618C1656;Diadora;Diadora Mythos Blushield 5 Corsair Silver;Uomo;95.000000;https://sportnetit.com/diadora-mythos-blushield-5-c1656-corsair-silver.html;https://sportnetit.com/pub/media/catalog/product/d/i/diadora-mythos-blushield-5-corsair-silver.jpg;Neutro;(A3) Max.Ammortizzazione - Neutra;Camminata,Tenersi in Forma,Runner Assiduo;5-10 km,15-21 km;Meno di 60 kg,60-80 kg,80-100 kg;Media;Strada,Palestra/Tapis Roulant;Morbida;Blushield Hip 5;42.5, 
F0DISG175619C8901;Diadora;Diadora Mythos Blushield 5 Majesty Hyacinth Violet da Donna;Donna;95.000000;https://sportnetit.com/diadora-donna-running-mythos-blushield-5-violet-donna.html;https://sportnetit.com/pub/media/catalog/product/d/i/diadora-mythos-blushield-5-majesty-hyacinth-violet-da-donna.jpg;Neutro;(A3) Max.Ammortizzazione - Neutra;Camminata,Tenersi in Forma;5-10 km,15-21 km;40-60 kg;Media;Strada,Palestra/Tapis Roulant;Morbida;Mythos Blushield 5 da Donna;37, 
F0BOSG1203381061;Brooks;Brooks Ghost 13 da Donna Black Ebony Coral;Donna;105.000000;https://sportnetit.com/brooks-ghost-13-da-donna-061-black-ebony-coral.html;https://sportnetit.com/pub/media/catalog/product/b/r/brooks-ghost-13-da-donna-black-ebony-coral.jpg;Neutro;(A3) Max.Ammortizzazione - Neutra;Tenersi in Forma,Runner Assiduo,Podista;5-10 km,15-21 km,21-42 km;Meno di 40 kg,40-60 kg;Media;Strada,Palestra/Tapis Roulant;Morbida,Performance;Ghost 13 Donna;39, 40, 
F0BOSG1202961010;Brooks;Brooks Adrenaline 20 da Donna Black Coral White;Donna;98.000000;https://sportnetit.com/brooks-adrenaline-20-da-donna-010-black-coral-white.html;https://sportnetit.com/pub/media/catalog/product/b/r/brooks-adrenaline-20-da-donna-black-coral-white.jpg;Pronazione;(A4) Ammortizzata-Stabile;Tenersi in Forma,Runner Assiduo,Podista;5-10 km,15-21 km,21-42 km;Meno di 40 kg,40-60 kg;Media;Strada,Palestra/Tapis Roulant;Morbida,Performance;Adrenaline 20 da Donna;38.5, 40.5, 
S0BOSG1102971435;Brooks;Brooks Launch 6 da Uomo Bluebird Peacoat Shade;Uomo;90.000000;https://sportnetit.com/brooks-launch-6-da-uomo-435-bluebird-peacoat-shade.html;https://sportnetit.com/pub/media/catalog/product/b/r/brooks-launch-6-da-uomo-bluebird-peacoat-shade.jpg;Neutro;(A2) Performance;Runner Assiduo,Podista;Meno di 5km,5-10 km,15-21 km;Meno di 60 kg,60-80 kg;Media;Strada,Palestra/Tapis Roulant;Performance;Launch 6 da Uomo;40.5, 42.5, 43, 44, 44.5, 45, 
F0BOSG1103311043;Brooks;Brooks Transcend 7 da Uomo Black Cherry Tomato White;Uomo;127.500000;https://sportnetit.com/brooks-transcend-7-da-uomo-black-cherry-tomato-white.html;https://sportnetit.com/pub/media/catalog/product/b/r/brooks-transcend-7-da-uomo-black-cherry-tomato-white.jpg;Pronazione;(A4) Ammortizzata-Stabile;Runner Assiduo,Podista;5-10 km,15-21 km,21-42 km,42 km ed Oltre;80-100 kg,Sopra 100 kg;Media;Strada,Palestra/Tapis Roulant;Morbida,Durevole;Transcend 7;42.5, 
F0BOSG1103234064;Brooks;Brooks Dyad 11 da Uomo Pianta Extra Larga (4E) Black-Ebony-Blue;Uomo;109.000000;https://sportnetit.com/brooks-dyad-11-da-uomo-pianta-extra-larga-4e-black-ebony-blue.html;https://sportnetit.com/pub/media/catalog/product/b/r/brooks-dyad-11-da-uomo-pianta-larga-_2e_-black-ebony-blue.jpg;Neutro;(A4) Ammortizzata-Stabile;Camminata,Tenersi in Forma;Meno di 5km,5-10 km,15-21 km;80-100 kg,Sopra 100 kg;Media;Strada,Palestra/Tapis Roulant;Morbida,Durevole;Dyad 11 Uomo;44, 
F0SLSK41106300BLK;Salomon;Salomon Alphacross Blast Goretex Black da Donna;Donna;89.000000;https://sportnetit.com/salomon-alphacross-blast-goretex-da-donna-black.html;https://sportnetit.com/pub/media/catalog/product/s/a/salomon-alphacross-blast-goretex-black-da-donna.jpg;;;;;;;;;;40, 
F0ASSG1011A823003;Asics;Asics Patriot 12 da Uomo Black-Black;Uomo;39.000000;https://sportnetit.com/asics-patriot-12-da-uomo-black-black.html;https://sportnetit.com/pub/media/catalog/product/a/s/asics-patriot-12-da-uomo-black-black.jpg;;;;;;;;;;40.5, 41.5, 42, 42.5, 43.5, 44, 44.5, 45, 46, 46.5, 47, 48, 
F0ASSG1012A741022;Asics;Asics Gel Cumulus 22 da Donna Carrier Grey-Black;Donna;95.000000;https://sportnetit.com/asics-gel-cumulus-22-da-donna-022.html;https://sportnetit.com/pub/media/catalog/product/a/s/asics-gel-cumulus-22-da-donna-carrier-grey-black.jpg;Neutro;(A3) Max.Ammortizzazione - Neutra;Camminata,Tenersi in Forma,Runner Assiduo;Meno di 5km,5-10 km,15-21 km,21-42 km;Meno di 40 kg,40-60 kg;Stretta,Media;Strada,Palestra/Tapis Roulant;Morbida;Cumulus 22 Donna;37.5, 
F0ASSG1012A705400;Asics;Asics Patriot 12 da Donna Azzurra;Donna;39.000000;https://sportnetit.com/asics-patriot-12-da-donna-400.html;https://sportnetit.com/pub/media/catalog/product/a/s/asics-patriot-12-da-donna-azzurra.jpg;;;;;;;;;;37.5, 38, 39, 39.5, 40, 40.5, 41.5, 42, 
F0ASSG1011A862400;Asics;Asics Gel Cumulus 22 da Uomo Directoire Blue-Black;Uomo;95.000000;https://sportnetit.com/asics-gel-cumulus-22-da-uomo-400.html;https://sportnetit.com/pub/media/catalog/product/a/s/asics-gel-cumulus-22-da-uomo-directoire-blue-black.jpg;Neutro;(A3) Max.Ammortizzazione - Neutra;Camminata,Tenersi in Forma,Runner Assiduo,Podista;Meno di 5km,5-10 km,15-21 km,21-42 km;Meno di 60 kg,60-80 kg,80-100 kg;Stretta,Media;Strada,Palestra/Tapis Roulant;Morbida;Cumulus 22 Uomo;44.5, 47, 
F0ASSG1011A862300;Asics;Asics Gel Cumulus 22 da Uomo Lime Zest-Black;Uomo;95.000000;https://sportnetit.com/asics-gel-cumulus-22-da-uomo-300.html;https://sportnetit.com/pub/media/catalog/product/a/s/asics-gel-cumulus-22-da-uomo-lime-zest-black.jpg;Neutro;(A3) Max.Ammortizzazione - Neutra;Camminata,Tenersi in Forma,Runner Assiduo,Podista;Meno di 5km,5-10 km,15-21 km,21-42 km;Meno di 60 kg,60-80 kg,80-100 kg;Stretta,Media;Strada,Palestra/Tapis Roulant;Morbida;Cumulus 22 Uomo;46, 
F0SLSK40795300BLK;Salomon;Salomon Speedcross 5 Gtx Nere;Uomo;112.000000;https://sportnetit.com/salomon-speedcross-5-gtx-nere.html;https://sportnetit.com/pub/media/catalog/product/s/a/salomon-speedcross-5-gtx-nere.jpg;Neutro;(A2) Performance;Runner Assiduo,Podista;5-10 km,15-21 km,21-42 km;Meno di 60 kg,60-80 kg,80-100 kg;Stretta,Media;Sterrato;Morbida,Performance;Speedcross 5;42, 42.5, 44, 44.5, 46, 
F0ORSG00002204;On Cloud;On Cloud Cloudventure Waterproof Fir Lunar;Uomo;129.000000;https://sportnetit.com/on-cloud-scarpa-cloudventure-waterproof-lunar-fir.html;https://sportnetit.com/pub/media/catalog/product/o/n/on-cloud-cloudventure-waterproof-fir-lunar.jpg;;;;;;;;;;42, 
F0ORSG00001901;On Cloud;On Cloud Scarpe Black-White Running da Uomo;Uomo;102.000000;https://sportnetit.com/on-cloud-scarpa-man-cloud-running-uomo-black.html;https://sportnetit.com/pub/media/catalog/product/o/n/on-cloud-scarpe-black-white-running-da-uomo.jpg;;;;;;;;;;41, 42, 45, 
15044;Asics;Asics Gt 1000 9 Peacoat Black da Bambina;Bambina;42.000000;https://sportnetit.com/asics-gt-1000-9-peacoat-black-da-bambina.html;https://sportnetit.com/pub/media/catalog/product/a/s/asics-gt-1000-9-peacoat-black-da-bambina.jpg;Pronazione;JR-Antipronazione;;;;;Strada,Palestra/Tapis Roulant;;;27, 28.5, 30, 31.5, 32.5, 33, 33.5, 34.5, 35, 
F0ASSG1014A148021;Asics;Asics Gel Cumulus 22 Piedmont Grey Pink Glo da Ragazza;Bambina;56.000000;https://sportnetit.com/asics-gel-cumulus-22-piedmont-grey-pink-glo-da-ragazza.html;https://sportnetit.com/pub/media/catalog/product/a/s/asics-gel-cumulus-22-piedmont-grey-pink-glo-da-ragazza-0.jpg;Neutro;(A3) Max.Ammortizzazione - Neutra;Camminata,Tenersi in Forma,Runner Assiduo;Meno di 5km,5-10 km,15-21 km,21-42 km;Meno di 40 kg,40-60 kg;Stretta,Media;Strada,Palestra/Tapis Roulant;Morbida;Cumulus 22 Donna;37.5, 
F0ASSG1012A587020;Asics;Asics Gel Nimbus 22 Sheet Rock White da Donna;Donna;108.000000;https://sportnetit.com/asics-gel-nimbus-22-sheet-rock-white-da-donna.html;https://sportnetit.com/pub/media/catalog/product/a/s/asics-gel-nimbus-22-sheet-rock-white-da-donna.jpg;Neutro;(A3) Max.Ammortizzazione - Neutra;Tenersi in Forma,Runner Assiduo,Podista;5-10 km,15-21 km,21-42 km,42 km ed Oltre;40-60 kg,Sopra 60 kg;Media;Strada,Palestra/Tapis Roulant;Morbida,Durevole;Nimbus 22 Donna;37.5, 38, 
F0ASSG1011A995402;Asics;Asics Gel Sileo 2 Peacoat Electric Blue da Uomo;Uomo;59.000000;https://sportnetit.com/asics-gel-sileo-2-peacoat-electric-blue-da-uomo.html;https://sportnetit.com/pub/media/catalog/product/a/s/asics-gel-sileo-2-peacoat-electric-blue-da-uomo-7.jpg;;;;;;;;;;40.5, 42.5, 43.5, 44, 44.5, 46, 47, 
F0ASSG1011A995020;Asics;Asics Gel Sileo 2 Graphite Grey Safety Yellow da Uomo;Uomo;59.000000;https://sportnetit.com/asics-gel-sileo-2-graphite-grey-safety-yellow-da-uomo.html;https://sportnetit.com/pub/media/catalog/product/a/s/asics-gel-sileo-2-graphite-grey-safety-yellow-da-uomo.jpg;;;;;;;;;;42.5, 43.5, 44, 46, 46.5, 47, 
F0ASSG1011A680405;Asics;Asics Gel Nimbus 22 Directoire Blue Black da Uomo;Uomo;108.000000;https://sportnetit.com/asics-gel-nimbus-22-directoire-blue-black-da-uomo.html;https://sportnetit.com/pub/media/catalog/product/a/s/asics-gel-nimbus-22-directoire-blue-black-da-uomo.jpg;Neutro;(A3) Max.Ammortizzazione - Neutra;Tenersi in Forma,Runner Assiduo,Podista;5-10 km,15-21 km,21-42 km,42 km ed Oltre;60-80 kg,80-100 kg,Sopra 100 kg;Media;Strada,Palestra/Tapis Roulant;Morbida,Durevole;Nimbus 22 Uomo;41.5, 42, 
F0ASSGT748N9623;Asics;Asics Metarun da Uomo Concrete Grey-Shu Red-Hazy White;Uomo;150.000000;https://sportnetit.com/asics-metarun-623.html;https://sportnetit.com/pub/media/catalog/product/a/s/asics-metarun-da-uomo-concrete-grey-shu-red-hazy-white.jpg;Neutro;(A3) Max.Ammortizzazione - Neutra;Runner Assiduo,Podista;15-21 km,21-42 km,42 km ed Oltre;60-80 kg,80-100 kg;Media;Strada;Morbida,Performance;Metarun;44.5, 
F0ASSG1011A681001;Asics;Asics Novablast da Uomo Nera-Bianca-Arancione;Uomo;98.000000;https://sportnetit.com/asics-novablast-nera-bianca-arancione.html;https://sportnetit.com/pub/media/catalog/product/a/s/asics-novablast-nera-bianca-arancione.jpg;Neutro;(A3) Max.Ammortizzazione - Neutra;Runner Assiduo,Podista;5-10 km,15-21 km,21-42 km;Meno di 60 kg,60-80 kg;Media;Strada,Palestra/Tapis Roulant;Morbida,Performance;Novablast Uomo;46.5, 47, 48, 
F0MZSGGD200940;Mizuno;Mizuno Wave Skyrise Donna Frost Grey-WhiteSand Scubab;Donna;84.000000;https://sportnetit.com/mizuno-wave-skyrise-40.html;https://sportnetit.com/pub/media/catalog/product/m/i/mizuno-wave-skyrise-donna-frost-grey-whitesand-scubab.jpg;Neutro;(A3) Max.Ammortizzazione - Neutra;Tenersi in Forma,Runner Assiduo,Podista;5-10 km,15-21 km,21-42 km;Meno di 60 kg,60-80 kg;Media;Strada,Palestra/Tapis Roulant;Morbida,Durevole;Skyrise Uomo;37, 38.5, 39, 40, 40.5, 41, 
F0MZSGGC200916;Mizuno;Mizuno Wave Skyrise da Uomo Grey-Phantom-Syellow;Uomo;84.000000;https://sportnetit.com/amizuno-wave-skyrise-16.html;https://sportnetit.com/pub/media/catalog/product/m/i/mizuno-wave-skyrise-da-uomo-fgrey-phantom-syellow-4.jpg;Neutro;(A3) Max.Ammortizzazione - Neutra;Tenersi in Forma,Runner Assiduo,Podista;5-10 km,15-21 km,21-42 km;Meno di 60 kg,60-80 kg;Media;Strada,Palestra/Tapis Roulant;Morbida,Durevole;Skyrise Uomo;41, 42, 42.5, 44, 46, 
F0BOSG1103481072;Brooks;Brooks Running Ghost 13 Total Black da Uomo;Uomo;105.000000;https://sportnetit.com/brooks-running-ghost-13-072.html;https://sportnetit.com/pub/media/catalog/product/b/r/brooks-running-ghost-13-total-black-da-uomo.jpg;Neutro;(A3) Max.Ammortizzazione - Neutra;Tenersi in Forma,Runner Assiduo,Podista;5-10 km,15-21 km,21-42 km,42 km ed Oltre;Sopra 60 kg,Meno di 60 kg;Media;Strada,Palestra/Tapis Roulant;Morbida,Durevole;Ghost 13 Uomo;41, 
F0ASSG1011A823401;Asics;Asics Patriot 12 Magnetic Blue Black;Uomo;39.000000;https://sportnetit.com/asics-running-patriot-12-magnetic-blue-black.html;https://sportnetit.com/pub/media/catalog/product/a/s/asics-running-patriot-12-magnetic-blue-black.jpg;;;;;;;;;;40, 40.5, 41.5, 42.5, 43.5, 44, 44.5, 45, 46, 46.5, 48, 
F0UASG3022587108;Under Armour;Under Armour Hovr Infinite 2 Grigia-Oro da Uomo;Uomo;98.000000;https://sportnetit.com/under-armour-hovr-infinite-2-108.html;https://sportnetit.com/pub/media/catalog/product/u/n/under-armour-hovr-infinite-2-grigia-oro-da-uomo.jpg;Neutro;;Tenersi in Forma,Runner Assiduo;5-10 km,15-21 km;60-80 kg,80-100 kg;Media,Larga;Strada;Morbida,Performance;Hovr Infinite 2;42, 42.5, 43, 44, 44.5, 45.5, 
F0UASG3021939500;Under Armour;Under Armour Hovr Machina Grigio Antracite-Oro;Uomo;112.000000;https://sportnetit.com/under-armour-hovr-machin-500.html;https://sportnetit.com/pub/media/catalog/product/u/n/under-armour-hovr-machina-nero-oro.jpg;;;;;;;;;;42, 42.5, 43, 45, 46, 
F0ASSG1012A705002;Asics;Asics Patriot 12 da Donna Nera-Rosa;Donna;39.000000;https://sportnetit.com/asics-patriot-12-da-donna-nera-grigia.html;https://sportnetit.com/pub/media/catalog/product/a/s/asics-patriot-12-da-donna-nera-rosa.jpg;;;;;;;;;;37.5, 38, 39, 39.5, 40, 40.5, 41.5, 42, 42.5, 
45843;New Balance;New Balance Fresh Foam 1080v10 Azzurro- Orange;Uomo;119.000000;https://sportnetit.com/loggami/catalog/product/view/id/80423/s/new-balance-m1080-running-scarpe-a3-blu/key/35926fbaaaf5f5b787bdf582f5d215ff50f91232de307956d30d7d2582f5f217/;https://sportnetit.com/pub/media/catalog/product/n/e/new-balance-fresh-foam-1080v10-azzurro--orange.jpg;;;;;;;;;;44, 46.5, 
45842;New Balance;New Balance Fresh Foam 1080v10 Royal Green;Uomo;119.000000;https://sportnetit.com/new-balance-m1080-running-scarpe-a3-blu.html;https://sportnetit.com/pub/media/catalog/product/n/e/new-balance-fresh-foam-1080v10-royal-green.jpg;;;;;;;;;;40.5, 41.5, 42.5, 44, 
14278;Hoka;Hoka Carbon X Special Edition Plain Air-Bird Of Paradise;Uomo;150.000000;https://sportnetit.com/hoka-hoka-scarpa-runn-carbon-x-spe-1110512.html;https://sportnetit.com/pub/media/catalog/product/h/o/hoka-carbon-x-special-edition-plain-air-bird-of-paradise.jpg;Neutro;(A2) Performance;Runner Assiduo,Podista;Meno di 5km,5-10 km,15-21 km,21-42 km,42 km ed Oltre;60-80 kg,80-100 kg;Media;Strada;Performance;Carbon X;41, 43, 44, 44.5, 45, 
46542;Asics;Asics Metaride Uomo Total-Black;Uomo;225.000000;https://sportnetit.com/asics-metaride-002-1011a142.html;https://sportnetit.com/pub/media/catalog/product/a/s/asics-metaride-uomo-total-black.jpg;Neutro;(A2) Performance;Runner Assiduo,Podista;Meno di 5km,5-10 km,15-21 km,21-42 km,42 km ed Oltre;60-80 kg,80-100 kg;Media;Strada,Palestra/Tapis Roulant;Performance;;42, 42.5, 43.5, 44, 44.5, 
46516;Asics;Asics Gel Nimbus 23 Donna Black-White;Donna;153.000000;https://sportnetit.com/asics-gel-nimbus-23-w-001-1012a885.html;https://sportnetit.com/pub/media/catalog/product/a/s/asics-gel-nimbus-23-donna-1012a885-001-black-white.jpg;Neutro;(A3) Max.Ammortizzazione - Neutra;Tenersi in Forma,Runner Assiduo,Podista;5-10 km,15-21 km,21-42 km,42 km ed Oltre;Sopra 60 kg,Meno di 60 kg;Media;Strada;Morbida,Durevole;Nimbus 23 Donna;38, 39, 39.5, 40, 40.5, 41.5, 42.5, 
46510;Asics;Asics Gel Nimbus 23 Donna Grand Shark-Digital Aqua;Donna;153.000000;https://sportnetit.com/asics-gel-nimbus-23-w-402-1012a885.html;https://sportnetit.com/pub/media/catalog/product/a/s/asics-gel-nimbus-23-donna-1012a885-402-grandshark-digitalaqua.jpg;Neutro;(A3) Max.Ammortizzazione - Neutra;Tenersi in Forma,Runner Assiduo,Podista;5-10 km,15-21 km,21-42 km,42 km ed Oltre;Sopra 60 kg,Meno di 60 kg;Media;Strada;Morbida,Durevole;Nimbus 23 Donna;37.5, 39.5, 40, 40.5, 
46508;Asics;Asics Gel Nimbus 23 Uomo Career Grey-Digital Aqua;Uomo;153.000000;https://sportnetit.com/asics-gel-nimbus-23-020-1011b004.html;https://sportnetit.com/pub/media/catalog/product/a/s/asics-gel-nimbus-23-uomo---1011b004-020-careergrey-digitalaqua.jpg;Neutro;(A3) Max.Ammortizzazione - Neutra;Tenersi in Forma,Runner Assiduo,Podista;5-10 km,15-21 km,21-42 km,42 km ed Oltre;60-80 kg,80-100 kg,Sopra 100 kg;Media;Strada;Morbida,Durevole;Nimbus 23 Uomo;41.5, 45, 46, 47, 48, 
46577;Asics;Asics Gel Nimbus 23 Uomo Black-White;Uomo;153.000000;https://sportnetit.com/asics-gel-nimbus-23-001-1011b004.html;https://sportnetit.com/pub/media/catalog/product/a/s/asics-gel-nimbus-23-uomo---1011b004-001-black-white.jpg;Neutro;(A3) Max.Ammortizzazione - Neutra;Tenersi in Forma,Runner Assiduo,Podista;5-10 km,15-21 km,21-42 km,42 km ed Oltre;60-80 kg,80-100 kg,Sopra 100 kg;Media;Strada;Morbida,Durevole;Nimbus 23 Uomo;43.5, 45, 46, 46.5, 
46543;Asics;Asics GT 2000 9 Black-Directoire Blue da Uomo;Uomo;109.000000;https://sportnetit.com/asics-gt-2000-9-003-1011a983.html;https://sportnetit.com/pub/media/catalog/product/a/s/asics-gt-2000-9-black-directoire-blue-da-uomo.jpg;Pronazione;(A4) Ammortizzata-Stabile;Tenersi in Forma,Runner Assiduo;Meno di 5km,5-10 km,15-21 km;Meno di 60 kg,60-80 kg;Media;Strada,Palestra/Tapis Roulant;Morbida,Durevole;GT 2000 9 UOMO;40.5, 41.5, 42, 42.5, 43.5, 44, 44.5, 45, 46, 46.5, 47, 
46580;Asics;Asics Gel Nimbus 23 Donna Smoke Blue-Pure Silver;Donna;153.000000;https://sportnetit.com/asics-gel-nimbus-23-w-400-1012a885.html;https://sportnetit.com/pub/media/catalog/product/a/s/asics-gel-nimbus-23-donna-1012a885-400-smokeblue-puresilver.jpg;Neutro;(A3) Max.Ammortizzazione - Neutra;Tenersi in Forma,Runner Assiduo,Podista;5-10 km,15-21 km,21-42 km,42 km ed Oltre;Sopra 60 kg,Meno di 60 kg;Media;Strada;Morbida,Durevole;Nimbus 23 Donna;37, 37.5, 38, 39, 39.5, 40, 
46647;Brooks;Brooks Glycerin 18 Black-Latte da Donna;Donna;102.000000;https://sportnetit.com/brooks-brooks-scarpa-wmn-runn-glycerin-18-099-1203171.html;https://sportnetit.com/pub/media/catalog/product/b/r/brooks-glycerin-18-black-latte-da-donna-8.jpg;Neutro;(A3) Max.Ammortizzazione - Neutra;Tenersi in Forma,Runner Assiduo,Podista;5-10 km,15-21 km,21-42 km,42 km ed Oltre;40-60 kg,Sopra 60 kg;Media;Strada,Palestra/Tapis Roulant;Morbida,Durevole;Glycerin 18 Donna;37.5, 
47693;Asics;Asics Gt 2000 8 Black Carrier Grey da Uomo;Uomo;99.000000;https://sportnetit.com/asics-running-gt-2000-8-1011a690-011.html;https://sportnetit.com/pub/media/catalog/product/a/s/asics-gt-2000-8-black-carrier-grey-da-uomo.jpg;Pronazione;(A4) Ammortizzata-Stabile;Tenersi in Forma,Runner Assiduo;Meno di 5km,5-10 km,15-21 km;Meno di 60 kg,60-80 kg;Media;Strada,Palestra/Tapis Roulant;Morbida,Durevole;Asics GT 2000 8 da Uomo;41.5, 42, 42.5, 44, 44.5, 45, 46, 46.5, 
47692;Asics;Asics Gel Nimbus 22 Black-Grey Floss da Uomo;Uomo;109.000000;https://sportnetit.com/asics-running-gel-nimbus-22-1011a680-004.html;https://sportnetit.com/pub/media/catalog/product/a/s/asics-gel-nimbus-22-black-grey-floss-da-uomo.jpg;Neutro;(A3) Max.Ammortizzazione - Neutra;Tenersi in Forma,Runner Assiduo,Podista;5-10 km,15-21 km,21-42 km,42 km ed Oltre;60-80 kg,80-100 kg,Sopra 100 kg;Media;Strada,Palestra/Tapis Roulant;Morbida,Durevole;Nimbus 22 Uomo;42, 49, 
47691;Asics;Asics Gel Nimbus 22 Piedmont Grey Hot Pink da Donna;Donna;109.000000;https://sportnetit.com/asics-donna-running-gel-nimbus-22-1012a587-021.html;https://sportnetit.com/pub/media/catalog/product/a/s/asics-gel-nimbus-22-piedmont-grey-hot-pink-da-donna.jpg;Neutro;(A3) Max.Ammortizzazione - Neutra;Tenersi in Forma,Runner Assiduo,Podista;5-10 km,15-21 km,21-42 km,42 km ed Oltre;40-60 kg,Sopra 60 kg;Media;Strada,Palestra/Tapis Roulant;Morbida,Durevole;Nimbus 22 Donna;40, 
47690;Asics;Asics Gel Nimbus 22 Black Liliac Tech Running da Donna;Donna;109.000000;https://sportnetit.com/asics-donna-running-gel-nimbus-22-1012a587-004.html;https://sportnetit.com/pub/media/catalog/product/a/s/asics-gel-nimbus-22-black-liliac-tech-running-da-donna.jpg;Neutro;(A3) Max.Ammortizzazione - Neutra;Tenersi in Forma,Runner Assiduo,Podista;5-10 km,15-21 km,21-42 km,42 km ed Oltre;40-60 kg,Sopra 60 kg;Media;Strada,Palestra/Tapis Roulant;Morbida,Durevole;Nimbus 22 Donna;39, 39.5, 40, 41.5, 42, 43.5, 
