sku;Brand;name;genere;price;url;img;altezzascarpa;ruolo;caratteristicascarpa;larghezzapianta;allenamenti;pesogiocatore


E9MZSVGA191700;Mizuno;Mizuno Wave Momentum Mid Blu Uomo;Uomo;109.000000;https://sportnetit.com/mizuno-wave-momentum-blu-uomo.html;https://sportnetit.com/pub/media/catalog/product/w/a/wave-momentum.jpg;Alta,Mid;Schiacciatore,Opposto,Centrale,Universale;Morbida,Stabile;Media,Larga;2-4 Allenamenti,Oltre 4 Allenamenti;Tra 70 e 90 kg,Oltre i 90 kg
I8ASSVB600N7701;Asics;Asics Gel Beyond 5 MT Verde Lime;Uomo;72.000000;https://sportnetit.com/asics-gel-beyond-5-mt-verde-lime.html;https://sportnetit.com/pub/media/catalog/product/a/s/asics-volley-gel-beyond-5-mt-lime.jpg;Alta;Alzatore,Schiacciatore,Opposto,Centrale,Universale;Stabile;Media;1-2 Allenamenti,2-4 Allenamenti,Oltre 4 Allenamenti;Meno di 70 kg,Tra 70 e 90 kg,Oltre i 90 kg
E9MZSVV1GD180398;Mizuno;Mizuno Volley Lightning Star Z4 Bambino Azzurra;Bambino;35.000000;https://sportnetit.com/mizuno-volley-lightning-star-z4-bambino-azzurra.html;https://sportnetit.com/pub/media/catalog/product/m/i/mizuno-lightning-star-z4-bambino-azzurro-gd1803-98.jpg;Bassa;;;;;
E9MZSVV1GD180347;Mizuno;Mizuno Volley Lightning Star Z4 Bambino Grigia;Bambino;35.000000;https://sportnetit.com/mizuno-volley-lightning-star-z4-bambino-grigia.html;https://sportnetit.com/pub/media/catalog/product/m/i/mizuno-lightning-star-z4-bambino-grigia-gd1803-47.jpg;Bassa;;;;;
E9MZSVGC180060;Mizuno;Mizuno Wave Lightning Z4 da Donna Rosa;Donna;62.000000;https://sportnetit.com/mizuno-wave-hurricane-da-donna-rosa.html;https://sportnetit.com/pub/media/catalog/product/m/i/mizuno-wave-lightning-z4-donna-rosa-gc1800-60.jpg;Bassa;Alzatore,Schiacciatore,Centrale,Libero;Reattiva,Leggera;Stretta,Media;1-2 Allenamenti,2-4 Allenamenti,Oltre 4 Allenamenti;Meno di 50 kg,Tra 50 e 70 kg,Meno di 70 kg,Tra 70 e 90 kg
E9MZSVGA180098;Mizuno;Mizuno Wave Lightning Z4 da Uomo Azzurra;Uomo;62.000000;https://sportnetit.com/mizuno-wave-lightning-z4-da-uomo-azzurra.html;https://sportnetit.com/pub/media/catalog/product/m/i/mizuno-volley-wave-lightning-azzurra-ga1800-98.jpg;Bassa;Alzatore,Schiacciatore,Centrale,Libero;Reattiva,Leggera;Stretta,Media;1-2 Allenamenti,2-4 Allenamenti,Oltre 4 Allenamenti;Meno di 50 kg,Tra 50 e 70 kg,Meno di 70 kg,Tra 70 e 90 kg
I9ASSVB703Y4901;Asics;Asics Gel Task MT Blu Uomo;Uomo;63.000000;https://sportnetit.com/asics-gel-task-mt-blu-uomo4901.html;https://sportnetit.com/pub/media/catalog/product/a/s/asics-gel-task-uomo-blu.jpg;Alta;Alzatore,Schiacciatore,Opposto,Centrale,Universale;Leggera;Stretta,Media;1-2 Allenamenti;Meno di 70 kg,Tra 70 e 90 kg
I9ASSVB600N001;Asics;Asics Gel Beyond 5 MT Uomo Black-Koi;Uomo;84.000000;https://sportnetit.com/asics-gel-beyond-5-mt-uomo-black-koi.html;https://sportnetit.com/pub/media/catalog/product/a/s/asics-gel-beyond-5-black-koy-uomo-mt.jpg;Alta;Alzatore,Schiacciatore,Opposto,Centrale,Universale;Stabile;Media;1-2 Allenamenti,2-4 Allenamenti,Oltre 4 Allenamenti;Meno di 70 kg,Tra 70 e 90 kg,Oltre i 90 kg
I9ASSV1074A005003;Asics;Asics Volley Upcourt 3 Bambino Nera;Bambino;35.000000;https://sportnetit.com/asics-volley-upcourt-3-ragazzo-003.html;https://sportnetit.com/pub/media/catalog/product/a/s/asics-volley-upcourt-3-bambino.jpg;Bassa;;;;;
I9ASSV1072A017430;Asics;Asics Gel Netburner Accademy 8 Ice Mint;Donna;77.000000;https://sportnetit.com/asics-gel-netburner-accademy-8-ice-mint.html;https://sportnetit.com/pub/media/catalog/product/a/s/asics-gel-netburner-accademy-8-ice-mint-1072a017_430.jpg;Bassa;;;;;
I9ASSV1052A023100;Asics;Asics Sky Elite FF MT Donna White-Laser Pink;Donna;92.000000;https://sportnetit.com/asics-sky-elite-ff-mt-donna-white-laser-pink.html;https://sportnetit.com/pub/media/catalog/product/a/s/asics-sky-elite-ff-mt-donna-white-laser-pink-i9assv1052a023_100.jpg;Alta;Alzatore,Schiacciatore,Opposto,Centrale,Universale;Morbida,Stabile;Media,Larga;2-4 Allenamenti,Oltre 4 Allenamenti;Tra 50 e 70 kg,Oltre i 70 kg
I9ASSV1052A024100;Asics;Asics Sky Elite FF Donna White-Laser Pink;Donna;89.000000;https://sportnetit.com/asics-sky-elite-ff-donna-white-laser-pink.html;https://sportnetit.com/pub/media/catalog/product/a/s/asics-sky-elite-ff-donna-white-laser-pink-1052a024_100.jpg;Bassa;Alzatore,Schiacciatore,Opposto,Centrale,Universale;Morbida,Stabile;Media,Larga;2-4 Allenamenti,Oltre 4 Allenamenti;Tra 50 e 70 kg,Oltre i 70 kg
I9ASSV1052A002108;Asics;Asics Netburner Ballistic FF Donna White-Sour Yuzu;Donna;79.000000;https://sportnetit.com/asics-netburner-ballistic-ff-donna-white-sour-yuzu.html;https://sportnetit.com/pub/media/catalog/product/a/s/asics-netburner-ballistic-ff-donna-white-sour-yuzu-1052a002_108.jpg;Bassa;Alzatore,Schiacciatore,Libero,Universale;Reattiva,Leggera;Stretta,Media;1-2 Allenamenti,2-4 Allenamenti;Meno di 50 kg,Tra 50 e 70 kg
I9ASSV1052A001001;Asics;Asics Netburner Ballistic FF MT Donna Black-Laser Pink;Donna;89.000000;https://sportnetit.com/asics-netburner-ballistic-ff-mt-donna-black-laser-pink.html;https://sportnetit.com/pub/media/catalog/product/a/s/asics-netburner-ballistic-ff-mt-donna-black-laser-pink-1052a001_001.jpg;Alta;Alzatore,Schiacciatore,Universale;Reattiva,Leggera;Stretta,Media;1-2 Allenamenti,2-4 Allenamenti;Meno di 50 kg,Tra 50 e 70 kg
I9ASSV1051A032400;Asics;Asics Sky Elite FF MT Uomo Blue-Sour Yuzu;Uomo;99.000000;https://sportnetit.com/asics-sky-elite-ff-mt-uomo-blue-sour-yuzu.html;https://sportnetit.com/pub/media/catalog/product/a/s/asics-sky-elite-ff-mt-uomo-blue-sour-yuzu-1051a032_400.jpg;Alta;Alzatore,Schiacciatore,Opposto,Centrale,Universale;Morbida,Stabile;Media,Larga;2-4 Allenamenti,Oltre 4 Allenamenti;Tra 70 e 90 kg,Oltre i 90 kg
I9ASSV1051A003003;Asics;Asics Gel Netburner Ballistic FF MT Black-Sour Yuzu;Uomo;79.000000;https://sportnetit.com/asics-gel-netburner-ballistic-ff-mt-black-sour-yuz.html;https://sportnetit.com/pub/media/catalog/product/a/s/asics-gel-netburner-ballistic-ff-mt-black-sour-yuz-1051a003-003.jpg;Alta;Alzatore,Schiacciatore,Universale;Reattiva,Leggera;Stretta,Media;1-2 Allenamenti,2-4 Allenamenti;Meno di 70 kg,Tra 70 e 90 kg
I9ASSV1051A002402;Asics;Asics Gel Netburner Ballistic FF Uomo Blue-Silver;Uomo;79.000000;https://sportnetit.com/asics-gel-netburner-ballistic-ff-uomo-blue-silver.html;https://sportnetit.com/pub/media/catalog/product/a/s/asics-gel-netburner-ballistic-ff-uomo-blue-silver-1051a002_402.jpg;Bassa;Alzatore,Schiacciatore,Libero,Universale;Reattiva,Leggera;Stretta,Media;1-2 Allenamenti,2-4 Allenamenti;Meno di 70 kg,Tra 70 e 90 kg
I9ADSVD97836;Adidas;Adidas CrazyFlight X3 USAV Volleyball Edition;Uomo,Donna,Unisex;105.000000;https://sportnetit.com/adidas-crazyflight-x3-usa-volleyball-edition.html;https://sportnetit.com/pub/media/catalog/product/a/d/adidas_crazyflight_x3_usa-d97836.jpg;Bassa;Alzatore,Schiacciatore,Libero;Reattiva,Morbida,Leggera;Stretta,Media;1-2 Allenamenti,2-4 Allenamenti,Oltre 4 Allenamenti;Meno di 50 kg,Tra 50 e 70 kg,Meno di 70 kg,Tra 70 e 90 kg
I9ADSFF97281;Adidas;Adidas Marquee Boost Low Nera;Uomo;78.000000;https://sportnetit.com/adidas-marquee-boost-low-black.html;https://sportnetit.com/pub/media/catalog/product/a/d/adidas-volley-marquee-boost-bianca-nera-f97281-6.jpg;Bassa;Schiacciatore,Opposto,Centrale;Morbida,Stabile;Media,Larga;2-4 Allenamenti,Oltre 4 Allenamenti;Tra 70 e 90 kg,Oltre i 90 kg
I9MZSVGD190397;Mizuno;Mizuno Lightning Star Z Nera da Bambino;Bambino;37.200000;https://sportnetit.com/mizuno-lightning-star-z-bambino-97.html;https://sportnetit.com/pub/media/catalog/product/m/i/mizuno_wave-lightning-star-nera-jr.jpg;Bassa;;;;;
S0MZSVGC196516;Mizuno;Mizuno Wave Voltage Mid da Donna White-Pink;Donna;87.500000;https://sportnetit.com/mizuno-wave-voltage-mid-da-donna-16.html;https://sportnetit.com/pub/media/catalog/product/m/i/mizuno-wave_voltage-donna-bianca-5.jpg;Alta;Alzatore,Schiacciatore,Opposto,Centrale;Reattiva,Leggera;Media;1-2 Allenamenti,2-4 Allenamenti;Meno di 50 kg,Tra 50 e 70 kg,Meno di 70 kg,Tra 70 e 90 kg
I9MZSVGC190560;Mizuno;Mizuno Wave Lightning Z5 Mid Grigia Donna;Donna;96.000000;https://sportnetit.com/mizuno-wave-lightning-z5-mid-da-donna-60.html;https://sportnetit.com/pub/media/catalog/product/m/i/mizuno-wave-lightning-z5-donna---grigia--gc1905-60.jpg;Alta;Alzatore,Schiacciatore,Centrale,Libero;Reattiva,Leggera;Stretta,Media;1-2 Allenamenti,2-4 Allenamenti,Oltre 4 Allenamenti;Meno di 50 kg,Tra 50 e 70 kg,Meno di 70 kg,Tra 70 e 90 kg
I9MZSVGA196537;Mizuno;Mizuno Wave Voltage Mid Black Green Gecko;Uomo;87.500000;https://sportnetit.com/mizuno-wave-voltage-md-37.html;https://sportnetit.com/pub/media/catalog/product/m/i/mizuno-wave_voltage-uomo-nera-verde.jpg;Alta;Alzatore,Schiacciatore,Centrale;Reattiva,Leggera;Media;1-2 Allenamenti,2-4 Allenamenti;Meno di 50 kg,Tra 50 e 70 kg,Meno di 70 kg,Tra 70 e 90 kg
I9MZSVGA196508;Mizuno;Mizuno Wave Voltage Mid White Black Red;Uomo;87.500000;https://sportnetit.com/mizuno-wave-voltage-md-08.html;https://sportnetit.com/pub/media/catalog/product/m/i/mizuno-wave-voltage-mid-white-black-red-ga1965-08.jpg;Alta;Alzatore,Schiacciatore,Centrale;Reattiva,Leggera;Media;1-2 Allenamenti,2-4 Allenamenti;Meno di 50 kg,Tra 50 e 70 kg,Meno di 70 kg,Tra 70 e 90 kg
I9MZSVGA190597;Mizuno;Mizuno Wave Lightning Z5 Mid Uomo;Uomo;80.000000;https://sportnetit.com/mizuno-wave-lightning-z5-mid-97.html;https://sportnetit.com/pub/media/catalog/product/m/i/mizuno-wave-lightning-z5-nera-uomo-def.jpg;Alta;Alzatore,Schiacciatore,Centrale,Libero;Reattiva,Leggera;Stretta,Media;1-2 Allenamenti,2-4 Allenamenti,Oltre 4 Allenamenti;Meno di 50 kg,Tra 50 e 70 kg,Meno di 70 kg,Tra 70 e 90 kg
I9MZSVGA182052;Mizuno;Mizuno Wave Luminous Rossa Uomo;Uomo;81.250000;https://sportnetit.com/mizuno-wave-luminous-52.html;https://sportnetit.com/pub/media/catalog/product/m/i/mizuno-wave-luminous-uomo-62-5.jpg;Bassa;Alzatore,Schiacciatore,Libero;Reattiva,Leggera;Stretta,Media;1-2 Allenamenti,2-4 Allenamenti;Meno di 50 kg,Tra 50 e 70 kg,Meno di 70 kg,Tra 70 e 90 kg
I9MZSVGA174562;Mizuno;Mizuno Wave Hurricane 3 Mid Uomo Rossa;Uomo;65.000000;https://sportnetit.com/mizuno-wave-hurricane-3-mid-uomo-62.html;https://sportnetit.com/pub/media/catalog/product/m/i/mizuno-wave-hurricane-3-mid-uomo-62-3.jpg;Alta;Alzatore,Schiacciatore,Centrale,Libero,Universale;Leggera;Media;1-2 Allenamenti,2-4 Allenamenti;Meno di 50 kg,Tra 50 e 70 kg,Meno di 70 kg,Tra 70 e 90 kg
I9ADSVD97832BLK;Adidas;Adidas Crazyflight X3 Nera;Uomo,Donna,Unisex;98.000000;https://sportnetit.com/adidas-crazyflight-x3-nera.html;https://sportnetit.com/pub/media/catalog/product/a/d/adidas-crazyflight-x3-nera-d97832.jpg;Bassa;Alzatore,Schiacciatore,Libero;Reattiva,Morbida,Leggera;Stretta,Media;1-2 Allenamenti,2-4 Allenamenti,Oltre 4 Allenamenti;Meno di 50 kg,Tra 50 e 70 kg,Meno di 70 kg,Tra 70 e 90 kg
I9MZSVV1GC182015;Mizuno;Mizuno Wave Luminous Azzurra da Donna;Donna;87.500000;https://sportnetit.com/mizuno-wave-luminous-azzurra-da-donna-blu.html;https://sportnetit.com/pub/media/catalog/product/m/i/mizuno-wave-luminous-azzurra-donna.jpg;Bassa;Alzatore,Schiacciatore,Libero;Reattiva,Leggera;Stretta,Media;1-2 Allenamenti,2-4 Allenamenti;Meno di 50 kg,Tra 50 e 70 kg,Meno di 70 kg,Tra 70 e 90 kg
I9ASSV1074A005104;Asics;Asics Volley Upcourt 3 Bambina Bianca-Rosa;Bambina;35.000000;https://sportnetit.com/asics-volley-upcourt-3-ragazzo-104.html;https://sportnetit.com/pub/media/catalog/product/a/s/asics-volley-upcourt-3-bambina.jpg;Bassa;;;;;
I9ADSVD97823;Adidas;Adidas Crazyflight X3 Mid Nera;Uomo,Donna,Unisex;95.000000;https://sportnetit.com/adidas-crazyflight-x3-mid-nera.html;https://sportnetit.com/pub/media/catalog/product/a/d/adidas-crazyflight-x3-nera-d97823.jpg;Alta;Alzatore,Schiacciatore,Libero;Reattiva,Morbida,Leggera;Stretta,Media;1-2 Allenamenti,2-4 Allenamenti,Oltre 4 Allenamenti;Meno di 50 kg,Tra 50 e 70 kg,Meno di 70 kg,Tra 70 e 90 kg
I9MZSVV1GC182008;Mizuno;Mizuno Wave Luminous da Donna Bianca;Donna;69.000000;https://sportnetit.com/mizuno-wmn-wave-luminous-s-p-08.html;https://sportnetit.com/pub/media/catalog/product/m/i/mizuno-wave-luminous-da-donna-bianca-gc182008.jpg;Bassa;Alzatore,Schiacciatore,Libero;Reattiva,Leggera;Stretta,Media;1-2 Allenamenti,2-4 Allenamenti;Meno di 50 kg,Tra 50 e 70 kg,Meno di 70 kg,Tra 70 e 90 kg
I9MZSVGA182010;Mizuno;Mizuno Wave Luminous Nera da Uomo;Uomo;69.000000;https://sportnetit.com/mizuno-wave-liminous-s-p-10.html;https://sportnetit.com/pub/media/catalog/product/m/i/mizuno-wave-luminous-nera-da-uomo-ga1820-10.jpg;Bassa;Alzatore,Schiacciatore,Libero;Reattiva,Leggera;Stretta,Media;1-2 Allenamenti,2-4 Allenamenti;Meno di 50 kg,Tra 50 e 70 kg,Meno di 70 kg,Tra 70 e 90 kg
I9MZSVGC190501;Mizuno;Mizuno Wave Lightning Z5 Md Blu-Arancione-Rosa da Donna;Uomo;96.000000;https://sportnetit.com/mizuno-wave-lightning-z5-md-wos-01.html;https://sportnetit.com/pub/media/catalog/product/m/i/mizuno-wave-lightning-z5-md-blu-arancione-rosa-da-donna-gc1905-01.jpg;Alta;Alzatore,Schiacciatore,Centrale,Libero;Reattiva,Leggera;Stretta,Media;1-2 Allenamenti,2-4 Allenamenti,Oltre 4 Allenamenti;Meno di 50 kg,Tra 50 e 70 kg,Meno di 70 kg,Tra 70 e 90 kg
I9MZSVV1GC182096;Mizuno;Mizuno Wave Luminous Azzurra da Donna;Donna;65.000000;https://sportnetit.com/mizuno-volley-wmn-wave-luminous-s-p-96.html;https://sportnetit.com/pub/media/catalog/product/l/u/luminous-azzurra-donna.jpg;Bassa;Alzatore,Schiacciatore,Libero;Reattiva,Leggera;Stretta,Media;1-2 Allenamenti,2-4 Allenamenti;Meno di 50 kg,Tra 50 e 70 kg,Meno di 70 kg,Tra 70 e 90 kg
I9MZSVV1GA191200;Mizuno;Mizuno Wave Momentum Blu da Uomo;Uomo;85.000000;https://sportnetit.com/mizuno-volley-momentum-00.html;https://sportnetit.com/pub/media/catalog/product/m/i/mizuno-wave-momentum-blu-ga1912-00.jpg;Mid,Bassa;Schiacciatore,Opposto,Centrale,Universale;Morbida,Stabile;Media,Larga;2-4 Allenamenti,Oltre 4 Allenamenti;Tra 70 e 90 kg,Oltre i 90 kg
I9ASSV1071A036002;Asics;Asics Gel Task 2 MT da Uomo Black-Bronze;Uomo;63.000000;https://sportnetit.com/asics-gel-task-2-mt-da-uomo-black-bronze.html;https://sportnetit.com/pub/media/catalog/product/g/e/gel-task-2-mt-uomo-nera-bronzo.jpg;Alta;Alzatore,Schiacciatore,Opposto,Centrale,Universale;Leggera;Stretta,Media;1-2 Allenamenti;Meno di 70 kg,Tra 70 e 90 kg
S0ASSVB600N402;Asics;Asics Gel Beyond 5 MT Midnight-Pure Silver da Uomo;Uomo;84.000000;https://sportnetit.com/asics-gel-beyond-5-mt-midnight-pure-silver-da-uomo.html;https://sportnetit.com/pub/media/catalog/product/a/s/asics-gel-beyond-5-mt-midnight-pure-silver-da-uomo.jpg;Alta;Alzatore,Schiacciatore,Opposto,Centrale,Universale;Stabile;Media;1-2 Allenamenti,2-4 Allenamenti,Oltre 4 Allenamenti;Meno di 70 kg,Tra 70 e 90 kg,Oltre i 90 kg
S0ASSV1052A032400;Asics;Asics Sky Elite FF L.E. Tokio 2020 Electric Blue-White da Donna;Donna;105.000000;https://sportnetit.com/asics-sky-elite-ff-tokio2020-blue-white-donna.html;https://sportnetit.com/pub/media/catalog/product/a/s/asics-sky-elite-ff-mt-l.e.-electric-blue-white-da-donna.jpg;Bassa;Alzatore,Schiacciatore,Opposto,Centrale,Universale;Morbida,Stabile;Media,Larga;2-4 Allenamenti,Oltre 4 Allenamenti;Tra 50 e 70 kg,Oltre i 70 kg
S0ASSV1052A001002;Asics;Asics Netburner Ballistic FF MT Tokio 2020 Black-Pure Silver da Donna;Donna;84.000000;https://sportnetit.com/asics-netburner-ballistic-mt-tokio2020-black.html;https://sportnetit.com/pub/media/catalog/product/a/s/asics-netburner-ballistic-ff-mt-black-pure-silver-da-donna.jpg;Alta;Alzatore,Schiacciatore,Universale;Reattiva,Leggera;Stretta,Media;1-2 Allenamenti,2-4 Allenamenti;Meno di 50 kg,Tra 50 e 70 kg
S0ASSV1051A040600;Asics;Asics Sky Elite FF MT L.E. Tokio 2020 Classic Red-White da Uomo ;Uomo;112.000000;https://sportnetit.com/asics-sky-elite-ff-tokio2020-mt-red-white.html;https://sportnetit.com/pub/media/catalog/product/a/s/asics-sky-elite-ff-mt-l.e.-classic-red-white-da-uomo.jpg;Alta;Alzatore,Schiacciatore,Opposto,Centrale,Universale;Morbida,Stabile;Media,Larga;2-4 Allenamenti,Oltre 4 Allenamenti;Tra 70 e 90 kg,Oltre i 90 kg
S0ASSV1051A003403;Asics;Asics Netburner Ballistic FF MT Tokio 2020 Midnight-Pure Silver da Uomo;Uomo;84.000000;https://sportnetit.com/asics-netburner-ballistic-tokio2020-midnight-uomo.html;https://sportnetit.com/pub/media/catalog/product/a/s/asics-netburner-ballistic-ff-mt-midnight-pure-silver-da-uomo.jpg;Alta;Alzatore,Schiacciatore,Universale;Reattiva,Leggera;Stretta,Media;1-2 Allenamenti,2-4 Allenamenti;Meno di 70 kg,Tra 70 e 90 kg
S0ASSV1052A031400;Asics;Asics Sky Elite FF MT L.E. Tokio 2020 Electric Blue-White da Donna;Donna;112.000000;https://sportnetit.com/asics-sky-elite-ff-mt-l-e-tokio-2020-electric-blue-white-da-donna.html;https://sportnetit.com/pub/media/catalog/product/a/s/asics-sky-elite-ff-mt-l.e.-tokio-2020-electric-blue-white-da-donna.jpg;Alta;Alzatore,Schiacciatore,Opposto,Centrale,Universale;Morbida,Stabile;Media,Larga;2-4 Allenamenti,Oltre 4 Allenamenti;Tra 50 e 70 kg,Oltre i 70 kg
S0MZSVGC200552;Mizuno;Mizuno Lightning Z6 Mid da Donna Bianco NimbusCloud;Donna;112.000000;https://sportnetit.com/mizuno-lightning-z6-mid-da-donna-52.html;https://sportnetit.com/pub/media/catalog/product/m/i/mizuno-lightning-z6-mid-da-donna-bianco-nimbuscloud.jpg;Alta;Alzatore,Schiacciatore,Centrale,Libero;Reattiva,Leggera;Stretta,Media;1-2 Allenamenti,2-4 Allenamenti,Oltre 4 Allenamenti;Meno di 50 kg,Tra 50 e 70 kg,Meno di 70 kg,Tra 70 e 90 kg
S0MZSVGC191252;Mizuno;Mizuno Wave Momentum da Donna Bianca NimbusCloud;Donna;108.500000;https://sportnetit.com/mizuno-momentum-da-donna-52.html;https://sportnetit.com/pub/media/catalog/product/m/i/mizuno-wave-momentum-da-donna-bianca-nimbuscloud.jpg;Mid,Bassa;Schiacciatore,Opposto,Centrale,Universale;Morbida,Stabile;Media,Larga;2-4 Allenamenti,Oltre 4 Allenamenti;Tra 50 e 70 kg,Oltre i 70 kg
S0MZSVGC182052;Mizuno;Mizuno Wave Luminous da Donna Bianca-Oro;Donna;91.000000;https://sportnetit.com/mizuno-wave-luminous-da-donna-s-p-52.html;https://sportnetit.com/pub/media/catalog/product/m/i/mizuno-wave-luminous-da-donna-bianca-oro.jpg;Bassa;Alzatore,Schiacciatore,Libero;Reattiva,Leggera;Stretta,Media;1-2 Allenamenti,2-4 Allenamenti;Meno di 50 kg,Tra 50 e 70 kg,Meno di 70 kg,Tra 70 e 90 kg
S0MZSVGA200553;Mizuno;Mizuno Wave Lightning Z6 Mid Unisex Black-White-Orange Clownfish;Uomo;105.000000;https://sportnetit.com/mizuno-wave-lightning-z6-mid-52.html;https://sportnetit.com/pub/media/catalog/product/m/i/mizuno-wave-lightning-z6-mid-unisex-black-white-orange-clownfish.jpg;Alta;Alzatore,Schiacciatore,Centrale,Libero;Reattiva,Leggera;Stretta,Media;1-2 Allenamenti,2-4 Allenamenti,Oltre 4 Allenamenti;Meno di 50 kg,Tra 50 e 70 kg,Meno di 70 kg,Tra 70 e 90 kg
S0MZSVGA200521;Mizuno;Mizuno Wave Lightning Z6 Mid Unisex White-TrueBlue;Uomo;112.000000;https://sportnetit.com/mizuno-wave-lightning-z6-mid-21.html;https://sportnetit.com/pub/media/catalog/product/m/i/mizuno-wave-lightning-z6-mid-unisex-white-trueblue.jpg;Alta;Alzatore,Schiacciatore,Centrale,Libero;Reattiva,Leggera;Stretta,Media;1-2 Allenamenti,2-4 Allenamenti,Oltre 4 Allenamenti;Meno di 50 kg,Tra 50 e 70 kg,Meno di 70 kg,Tra 70 e 90 kg
S0MZSVGA191754;Mizuno;Mizuno Wave Momentum Mid OrangeFish White-Black;Uomo;109.000000;https://sportnetit.com/mizuno-wave-momentum-mid-54.html;https://sportnetit.com/pub/media/catalog/product/m/i/mizuno-wave-momentum-mid-orangefish-white-black.jpg;Alta,Mid;Schiacciatore,Opposto,Centrale,Universale;Morbida,Stabile;Media,Larga;2-4 Allenamenti,Oltre 4 Allenamenti;Tra 70 e 90 kg,Oltre i 90 kg
S0ADSVEH2580;Adidas;Adidas Crazyflight Usav Edition;Uomo,Donna,Unisex;105.000000;https://sportnetit.com/adidas-crazyflight-usav-edition.html;https://sportnetit.com/pub/media/catalog/product/a/d/adidas-crazyflight-usav-edition.jpg;Bassa;Alzatore,Schiacciatore,Libero;Reattiva,Morbida,Leggera;Stretta,Media;1-2 Allenamenti,2-4 Allenamenti,Oltre 4 Allenamenti;Meno di 50 kg,Tra 50 e 70 kg,Meno di 70 kg,Tra 70 e 90 kg
S0ADSVEF6526;Adidas;Adidas Crazyflight X3 Mid Cloud White;Donna;105.000000;https://sportnetit.com/adidas-crazyflight-mid-cloud-white.html;https://sportnetit.com/pub/media/catalog/product/a/d/adidas-crazyflight-mid-cloud-white.jpg;Alta;Alzatore,Schiacciatore,Libero;Reattiva,Morbida,Leggera;Stretta,Media;1-2 Allenamenti,2-4 Allenamenti,Oltre 4 Allenamenti;Meno di 50 kg,Tra 50 e 70 kg,Meno di 70 kg,Tra 70 e 90 kg
S0ADSVEF2676;Adidas;Adidas Crazyflight Sky Tint-Cloud White;Donna;98.000000;https://sportnetit.com/adidas-crazyflight-sky-tint-cloud-white.html;https://sportnetit.com/pub/media/catalog/product/a/d/adidas-crazyflight-sky-tint-cloud-white.jpg;Bassa;Alzatore,Schiacciatore,Libero;Reattiva,Morbida,Leggera;Stretta,Media;1-2 Allenamenti,2-4 Allenamenti,Oltre 4 Allenamenti;Meno di 50 kg,Tra 50 e 70 kg
F0ASSV1051A059701;Asics;Asics Metarise Tokyo Sunrise Red-Eclipse Black;Uomo;140.000000;https://sportnetit.com/asics-metarise-tokyo-sunrise-red-eclipse-black.html;https://sportnetit.com/pub/media/catalog/product/a/s/asics-metarise-scarpa-volley-uomo-sunridered-eclipse-black.jpg;Alta;Schiacciatore,Opposto,Universale;Reattiva,Stabile;Media,Larga;2-4 Allenamenti,Oltre 4 Allenamenti;Tra 70 e 90 kg,Oltre i 90 kg
F0ASSV1072A051102;Asics;Asics Gel Beyond 6 MT White-Peacot da Donna;Donna;84.000000;https://sportnetit.com/asics-gel-beyond-6-mt-white-peacot-da-donna.html;https://sportnetit.com/pub/media/catalog/product/a/s/asics-gel-beyond-6-mt-white-peacot-da-donna.jpg;Alta;Alzatore,Schiacciatore,Opposto,Centrale,Universale;Reattiva,Stabile;Media;1-2 Allenamenti,2-4 Allenamenti,Oltre 4 Allenamenti;Meno di 50 kg,Tra 50 e 70 kg,Oltre i 70 kg
F0ASSV1072A037402;Asics;Asics Gel Task 2 MT Peacot-White da Donna;Donna;63.000000;https://sportnetit.com/asics-gel-task-2-mt-peacot-white-da-donna.html;https://sportnetit.com/pub/media/catalog/product/a/s/asics-gel-task-2-mt-peacot-white-da-donna.jpg;Alta;Alzatore,Schiacciatore,Opposto,Centrale,Universale;Leggera;Stretta,Media;1-2 Allenamenti;Meno di 50 kg,Tra 50 e 70 kg
F0ASSV1052A033100;Asics;Asics Netburner Ballistic FF 2 White-Black da Donna;Donna;91.000000;https://sportnetit.com/asics-netburner-ballistic-ff-2-white-black-da-donna.html;https://sportnetit.com/pub/media/catalog/product/a/s/asics-netburner-ballistic-ff-2-white-black-da-donna.jpg;Bassa;Alzatore,Schiacciatore,Libero,Universale;Reattiva,Morbida,Leggera;Stretta,Media;1-2 Allenamenti,2-4 Allenamenti,Oltre 4 Allenamenti;Meno di 50 kg,Tra 50 e 70 kg,Oltre i 70 kg
F0ASSV1052A024400;Asics;Asics Sky Elite FF Peacot-White da Donna;Donna;97.500000;https://sportnetit.com/asics-sky-elite-ff-peacot-white-da-donna.html;https://sportnetit.com/pub/media/catalog/product/a/s/asics-sky-elite-ff-peacot-white-da-donna.jpg;Bassa;Alzatore,Schiacciatore,Opposto,Centrale,Universale;Morbida,Stabile;Media,Larga;2-4 Allenamenti,Oltre 4 Allenamenti;Tra 50 e 70 kg,Oltre i 70 kg
F0ASSV1071A050101;Asics;Asics Gel Beyond 6 MT White-Peacot da Uomo;Uomo;84.000000;https://sportnetit.com/asics-gel-beyond-6-mt-white-peacot-da-uomo.html;https://sportnetit.com/pub/media/catalog/product/a/s/asics-gel-beyond-6-mt-white-peacot-da-uomo.jpg;Alta;Alzatore,Schiacciatore,Opposto,Centrale,Universale;Reattiva,Stabile;Media;1-2 Allenamenti,2-4 Allenamenti,Oltre 4 Allenamenti;Meno di 70 kg,Tra 70 e 90 kg,Oltre i 90 kg
F0ASSV1071A036003;Asics;Asics Gel Task 2 MT Black-Lagoon da Uomo;Uomo;63.000000;https://sportnetit.com/asics-gel-task-2-mt-black-lagoon-da-uomo.html;https://sportnetit.com/pub/media/catalog/product/a/s/asics-gel-task-2-mt-black-lagoon-da-uomo_ok.jpg;Alta;Alzatore,Schiacciatore,Opposto,Centrale,Universale;Leggera;Stretta,Media;1-2 Allenamenti;Meno di 70 kg,Tra 70 e 90 kg
F0ASSV1051A060010;Asics;Asics Netburner Ballistic FF 2 Limited Edition Black-Sunrise Red;Uomo;91.000000;https://sportnetit.com/asics-netburner-ballistic-ff-2-l-e-black-sunrise-red.html;https://sportnetit.com/pub/media/catalog/product/a/s/asics-netburner-ballistic-ff-2-limited-edition-black-sunrise-red.jpg;Bassa;Alzatore,Schiacciatore,Libero,Universale;Reattiva,Morbida,Leggera;Stretta,Media;1-2 Allenamenti,2-4 Allenamenti,Oltre 4 Allenamenti;Meno di 70 kg,Tra 70 e 90 kg
F0ASSV1051A042400;Asics;Asics Netburner Ballistic FF 2 MT Peacot-White da Uomo;Uomo;98.000000;https://sportnetit.com/asics-netburner-ballistic-ff-mt-2-peacot-white-da-uomo.html;https://sportnetit.com/pub/media/catalog/product/a/s/asics-netburner-ballistic-ff-mt-2-peacot-white-da-uomo.jpg;Alta,Mid;Alzatore,Schiacciatore,Libero,Universale;Reattiva,Morbida,Leggera;Stretta,Media;1-2 Allenamenti,2-4 Allenamenti,Oltre 4 Allenamenti;Meno di 70 kg,Tra 70 e 90 kg
F0ASSV1051A042001;Asics;Asics Netburner Ballistic FF 2 MT Black-Carrier Grey da Uomo;Uomo;98.000000;https://sportnetit.com/asics-netburner-ballistic-ff-mt-2-black-carrier-grey-da-uomo.html;https://sportnetit.com/pub/media/catalog/product/a/s/asics-netburner-ballistic-ff-mt-2-black-carrier-grey-da-uomo.jpg;Alta,Mid;Alzatore,Schiacciatore,Libero,Universale;Reattiva,Morbida,Leggera;Stretta,Media;1-2 Allenamenti,2-4 Allenamenti,Oltre 4 Allenamenti;Meno di 70 kg,Tra 70 e 90 kg
F0ASSV1051A041400;Asics;Asics Netburner Ballistic FF 2 Peacot-White da Uomo;Uomo;91.000000;https://sportnetit.com/asics-netburner-ballistic-ff-2-peacot-white-da-uomo.html;https://sportnetit.com/pub/media/catalog/product/a/s/asics-netburner-ballistic-ff-2-peacot-white-da-uomo.jpg;Bassa;Alzatore,Schiacciatore,Libero,Universale;Reattiva,Morbida,Leggera;Stretta,Media;1-2 Allenamenti,2-4 Allenamenti,Oltre 4 Allenamenti;Meno di 70 kg,Tra 70 e 90 kg
F0ASSV1051A032402;Asics;Asics Sky Elite FF MT Peacot da Uomo;Uomo;109.000000;https://sportnetit.com/asics-sky-elite-ff-mt-peacot-da-uomo.html;https://sportnetit.com/pub/media/catalog/product/a/s/asics-sky-elite-ff-mt-peacot-da-uomo.jpg;Alta;Alzatore,Schiacciatore,Opposto,Centrale,Universale;Morbida,Stabile;Media,Larga;2-4 Allenamenti,Oltre 4 Allenamenti;Tra 70 e 90 kg,Oltre i 90 kg
F0ASSV1051A032003;Asics;Asics Sky Elite FF MT Black Pure-Silver da Uomo;Uomo;109.000000;https://sportnetit.com/asics-sky-elite-ff-mt-black-pure-silver-da-uomo.html;https://sportnetit.com/pub/media/catalog/product/a/s/asics-sky-elite-ff-mt-black-pure-silver-da-uomo.jpg;Alta;Alzatore,Schiacciatore,Opposto,Centrale,Universale;Morbida,Stabile;Media,Larga;2-4 Allenamenti,Oltre 4 Allenamenti;Tra 70 e 90 kg,Oltre i 90 kg
F0MZSVGC204529;Mizuno;Mizuno Wave Supersonic 2 Mid da Donna Azzurra;Donna;70.000000;https://sportnetit.com/mizuno-wave-supersonic-2-mid-da-donna-29.html;https://sportnetit.com/pub/media/catalog/product/m/i/mizuno-wave-supersonic-2-mid-da-donna-azzurre---gc204529.jpg;Mid;Alzatore,Schiacciatore,Libero,Universale;Reattiva,Leggera;Media;1-2 Allenamenti,2-4 Allenamenti;Meno di 50 kg,Tra 50 e 70 kg
F0MZSVGC200555;Mizuno;Mizuno Wave Lightning Z6 Mid da Donna Sabbia;Donna;99.000000;https://sportnetit.com/mizuno-wave-lightning-z6-mid-da-donna-55.html;https://sportnetit.com/pub/media/catalog/product/m/i/mizuno-wave-lightning-z6-mid-bianco-sabbia.jpg;;;;;;
F0MZSVGC196559;Mizuno;Mizuno Wave Voltage Mid Rosa da Donna;Donna;87.500000;https://sportnetit.com/mizuno-wave-voltage-mid-59-da-donna.html;https://sportnetit.com/pub/media/catalog/product/m/i/mizuno-wave-voltage-mid-da-donna-rosa-gc196559.jpg;Alta;Alzatore,Schiacciatore,Opposto,Centrale;Reattiva,Leggera;Media;1-2 Allenamenti,2-4 Allenamenti;Meno di 50 kg,Tra 50 e 70 kg,Meno di 70 kg,Tra 70 e 90 kg
F0MZSVGC191259;Mizuno;Mizuno Wave Momentum da Donna Rosa;Donna;99.000000;https://sportnetit.com/mizuno-wave-momentum-da-donna-59.html;https://sportnetit.com/pub/media/catalog/product/m/i/mizuno-wave-momentum-donna-rosa-gc191259.jpg;Mid,Bassa;Schiacciatore,Opposto,Centrale,Universale;Morbida,Stabile;Media,Larga;2-4 Allenamenti,Oltre 4 Allenamenti;Tra 50 e 70 kg,Oltre i 70 kg
F0MZSVGA204520;Mizuno;Mizuno Wave Supersonic 2 Mid da Uomo Blu;Uomo;70.000000;https://sportnetit.com/mizuno-wave-supersonic-2-mid-20.html;https://sportnetit.com/pub/media/catalog/product/m/i/mizuno-wave-supersonic-2-mid-da-uomo-blu-ga204520.jpg;Mid;Alzatore,Schiacciatore,Libero,Universale;Reattiva,Leggera;Media;1-2 Allenamenti,2-4 Allenamenti;Meno di 70 kg,Tra 70 e 90 kg
F0MZSVGA200520;Mizuno;Mizuno Wave Lightning Z6 Mid Blu;Uomo,Donna,Unisex;99.000000;https://sportnetit.com/mizuno-wave-lightning-z6-mid-20.html;https://sportnetit.com/pub/media/catalog/product/m/i/mizuno-wave-lightning-z6-mid-blu-ga200520.jpg;;;;;;
F0MZSVGA200220;Mizuno;Mizuno Wave Lightning Neo Blu;Uomo,Donna,Unisex;135.000000;https://sportnetit.com/mizuno-wave-lightning-neo-20.html;https://sportnetit.com/pub/media/catalog/product/m/i/mizuno-wave-lightning-neo-unisex-blu-ga200220.jpg;Alta;Alzatore,Schiacciatore,Libero,Universale;Reattiva,Leggera;Stretta,Media;2-4 Allenamenti,Oltre 4 Allenamenti;Meno di 50 kg,Tra 50 e 70 kg,Oltre i 70 kg,Meno di 70 kg,Tra 70 e 90 kg
F0MZSVGA196545;Mizuno;Mizuno Wave Voltage Mid Nera;Uomo;87.500000;https://sportnetit.com/mizuno-wave-voltage-mid-45.html;https://sportnetit.com/pub/media/catalog/product/m/i/mizuno-wave-voltage-mid-nera-da-uomo-ga196545.jpg;Alta;Alzatore,Schiacciatore,Centrale;Reattiva,Leggera;Media;1-2 Allenamenti,2-4 Allenamenti;Meno di 50 kg,Tra 50 e 70 kg,Meno di 70 kg,Tra 70 e 90 kg
F0MZSVGA191245;Mizuno;Mizuno Wave Momentum Limited Edition Nera;Uomo,Donna,Unisex;108.500000;https://sportnetit.com/mizuno-wave-momentum-limited-edition-45.html;https://sportnetit.com/pub/media/catalog/product/m/i/mizuno-wave-momentum-nera-ga191245.jpg;Bassa;Schiacciatore,Opposto,Centrale,Universale;Morbida,Stabile;Media,Larga;2-4 Allenamenti,Oltre 4 Allenamenti;Tra 70 e 90 kg,Oltre i 90 kg
F0ASSV1072A014100;Asics;Asics Netburner Super FF White Aquarium;Donna;98.000000;https://sportnetit.com/asics-netburner-super-ff-white-aquarium.html;https://sportnetit.com/pub/media/catalog/product/a/s/asics-netburner-super-ff-white-aquarium.jpg;Bassa;;;;;
F0ASSV1072A051101;Asics;Asics Gel Beyond 6 MT Bianca Azzurra da Donna;Donna;84.000000;https://sportnetit.com/asics-gel-beyond-6-101-da-donna.html;https://sportnetit.com/pub/media/catalog/product/a/s/asics-gel-beyond-6-mt-bianca-azzurra-da-donna.jpg;Alta;Alzatore,Schiacciatore,Opposto,Centrale,Universale;Reattiva,Stabile;Media;1-2 Allenamenti,2-4 Allenamenti,Oltre 4 Allenamenti;Meno di 50 kg,Tra 50 e 70 kg,Oltre i 70 kg
F0ASSV1052A023400;Asics;Asics Sky Elite FF MT Peacot-White da Donna;Donna;96.000000;https://sportnetit.com/asics-sky-elite-ff-mt-peacot-white-da-donna.html;https://sportnetit.com/pub/media/catalog/product/a/s/asics-sky-elite-ff-mt-peacot-white-da-donna.jpg;Alta;Alzatore,Schiacciatore,Opposto,Centrale,Universale;Morbida,Stabile;Media,Larga;2-4 Allenamenti,Oltre 4 Allenamenti;Tra 50 e 70 kg,Oltre i 70 kg
F0ASSV1072A037102;Asics;Asics Gel Task 2 MT da Donna Bianca-Azzurra;Donna;54.000000;https://sportnetit.com/asics-gel-task-mt-2-da-donna-bianca-azzurra.html;https://sportnetit.com/pub/media/catalog/product/a/s/asics-gel-task-mt-2-da-donna-bianca-azzurra.jpg;;;;;;
F0JOSVBLOCK902WBIA;Joma;Joma Block da Donna Bianca-Blu-Rosa;Donna;59.000000;https://sportnetit.com/joma-block-902-volley-da-donna.html;https://sportnetit.com/pub/media/catalog/product/j/o/joma-block-da-donna-bianca-blu-rosa.jpg;Alta;Alzatore,Schiacciatore,Libero,Universale;Reattiva,Morbida,Leggera;Stretta,Media;1-2 Allenamenti,2-4 Allenamenti;Meno di 50 kg,Tra 50 e 70 kg
F0MZSVGA191720;Mizuno;Mizuno Wave Momentum Mid ReflexBlue White;Uomo;109.000000;https://sportnetit.com/mizuno-volley-wave-momentum-mid-20.html;https://sportnetit.com/pub/media/catalog/product/m/i/mizuno-wave-momentum-mid-reflexblue-white.jpg;Alta,Mid;Schiacciatore,Opposto,Centrale,Universale;Morbida,Stabile;Media,Larga;2-4 Allenamenti,Oltre 4 Allenamenti;Tra 70 e 90 kg,Oltre i 90 kg
F0ADSVFX1772;Adidas;Adidas Adizero Fastcourt Tokyo Signal Pink da Donna;Donna;78.000000;https://sportnetit.com/adidas-adizero-fastcourt-da-donna-fx1772.html;https://sportnetit.com/pub/media/catalog/product/a/d/adidas-adizero-fastcourt-tokyo-signal-pink-da-donna.jpg;Bassa;Alzatore,Schiacciatore,Libero;Reattiva,Leggera;Stretta,Media;1-2 Allenamenti,2-4 Allenamenti,Oltre 4 Allenamenti;Meno di 50 kg,Tra 50 e 70 kg
F0ADSVFW4740;Adidas;Adidas Stabil Next Gen Tokyo Signal Pink da Donna;Donna;98.000000;https://sportnetit.com/adidas-stabil-next-gen-da-donna-fw4740.html;https://sportnetit.com/pub/media/catalog/product/a/d/adidas-stabil-next-gen-tokyo-signal-pink-da-donna.jpg;Mid;Alzatore,Schiacciatore,Opposto,Centrale,Universale;Morbida,Stabile;Media,Larga;2-4 Allenamenti,Oltre 4 Allenamenti;Tra 50 e 70 kg,Oltre i 70 kg
F0ADSVFW4739;Adidas;Adidas Stabil Next Gen Tokyo Signal Pink da Uomo;Uomo;98.000000;https://sportnetit.com/adidas-stabil-next-gen-da-uomo.html;https://sportnetit.com/pub/media/catalog/product/a/d/adidas-stabil-next-gen-tokyo-signal-pink-da-uomo.jpg;Mid;Alzatore,Schiacciatore,Opposto,Centrale,Universale;Morbida,Stabile;Media,Larga;2-4 Allenamenti,Oltre 4 Allenamenti;Tra 70 e 90 kg,Oltre i 90 kg
F0ADSVFU8388;Adidas;Adidas Adizero Fastcourt SkyTint-Cloud White da Donna;Donna;72.000000;https://sportnetit.com/adidas-adizero-fastcourt-da-donna.html;https://sportnetit.com/pub/media/catalog/product/a/d/adidas-adizero-fastcourt-skytint-cloud-white-da-donna.jpg;Bassa;Alzatore,Schiacciatore,Libero;Reattiva,Leggera;Stretta,Media;1-2 Allenamenti,2-4 Allenamenti,Oltre 4 Allenamenti;Meno di 50 kg,Tra 50 e 70 kg
F0ADSVFU8385;Adidas;Adidas Adizero Fastcourt Signal Green-Signal Cyan da Uomo;Uomo;72.000000;https://sportnetit.com/adidas-adizero-fastcourt-da-uomo.html;https://sportnetit.com/pub/media/catalog/product/a/d/adidas-adizero-fastcourt-signal-green-signal-cyan-da-uomo.jpg;Bassa;Alzatore,Schiacciatore,Libero;Reattiva,Leggera;Stretta,Media;1-2 Allenamenti,2-4 Allenamenti,Oltre 4 Allenamenti;Meno di 70 kg,Tra 70 e 90 kg
F0ADSVFU8384;Adidas;Adidas Stabil Next Gen Sky Tint-Cloud White da Donna;Donna;98.000000;https://sportnetit.com/adidas-stabil-next-gen-da-donna.html;https://sportnetit.com/pub/media/catalog/product/a/d/adidas-stabil-next-gen-sky-tint-cloud-white-da-donna.jpg;Mid;Alzatore,Schiacciatore,Opposto,Centrale,Universale;Morbida,Stabile;Media,Larga;2-4 Allenamenti,Oltre 4 Allenamenti;Tra 50 e 70 kg,Oltre i 70 kg
F0ASSV1072A055101;Asics;Asics Upcourt 4 da Donna Bianca-Azzurra;Donna;44.000000;https://sportnetit.com/asics-upcourt-4-da-donna-101.html;https://sportnetit.com/pub/media/catalog/product/a/s/asics-upcourt-4-da-donna-bianca-azzurra.jpg;;;;;;
45732;Adidas;Adidas Adizero Fastcourt Core Black Grey Six Solar Gold da Uomo;Uomo;72.000000;https://sportnetit.com/adidas-adizero-fast-court-black-solar-gold.html;https://sportnetit.com/pub/media/catalog/product/a/d/adidas-adizero-fast-court-core-black-grey-six-solar-gold.jpg;Bassa;Alzatore,Schiacciatore,Libero;Reattiva,Leggera;Stretta,Media;1-2 Allenamenti,2-4 Allenamenti,Oltre 4 Allenamenti;Meno di 70 kg,Tra 70 e 90 kg
45730;Adidas;Adidas Crazyflight Core Black;Donna;98.000000;https://sportnetit.com/adidas-crazyflight-black-core-pallavolo.html;https://sportnetit.com/pub/media/catalog/product/a/d/adidas-crazyflight-core-black.jpg;Bassa;Alzatore,Schiacciatore,Libero;Reattiva,Morbida,Leggera;Stretta,Media;1-2 Allenamenti,2-4 Allenamenti,Oltre 4 Allenamenti;Meno di 50 kg,Tra 50 e 70 kg
46401;Adidas;Adidas Crazyflight Mid Tokyo Edition;Uomo,Donna,Unisex;105.000000;https://sportnetit.com/adidas-crazyflight-mid-tokyo-fx1762.html;https://sportnetit.com/pub/media/catalog/product/a/d/adidas-crazyflight-mid-tokyo-edition.jpg;Alta,Mid;Alzatore,Schiacciatore,Libero;Reattiva,Morbida,Leggera;Stretta,Media;1-2 Allenamenti,2-4 Allenamenti,Oltre 4 Allenamenti;Meno di 50 kg,Tra 50 e 70 kg,Oltre i 70 kg,Meno di 70 kg,Tra 70 e 90 kg
46390;Adidas;Adidas Crazyflight Mid Black da Donna;Uomo,Donna,Unisex;105.000000;https://sportnetit.com/adidas-crazyflight-mid-fu8306.html;https://sportnetit.com/pub/media/catalog/product/a/d/adidas-crazyflight-mid-black-da-donna.jpg;Alta,Mid;Alzatore,Schiacciatore,Libero;Reattiva,Morbida,Leggera;Stretta,Media;1-2 Allenamenti,2-4 Allenamenti,Oltre 4 Allenamenti;Meno di 50 kg,Tra 50 e 70 kg,Oltre i 70 kg,Meno di 70 kg,Tra 70 e 90 kg
46386;Adidas;Adidas Crazyflight Black da Donna;Donna;98.000000;https://sportnetit.com/adidas-crazyflight-w-ef2677.html;https://sportnetit.com/pub/media/catalog/product/a/d/adidas-crazyflight-core-black.jpg;Bassa;Alzatore,Schiacciatore,Libero;Reattiva,Morbida,Leggera;Stretta,Media;1-2 Allenamenti,2-4 Allenamenti,Oltre 4 Allenamenti;Meno di 50 kg,Tra 50 e 70 kg
46384;Adidas;Adidas Crazyflight Bounce Nera;Uomo,Donna,Unisex;70.000000;https://sportnetit.com/adidas-crazyflight-bounce-3-bd7918.html;https://sportnetit.com/pub/media/catalog/product/a/d/adidas-crazyflight-bounce-nera.jpg;Bassa;Alzatore,Schiacciatore,Libero;Reattiva,Morbida,Leggera;Stretta,Media;1-2 Allenamenti,2-4 Allenamenti;Meno di 50 kg,Tra 50 e 70 kg,Meno di 70 kg,Tra 70 e 90 kg
46556;Asics;Asics Gel Beyond 6 MT Blu-Viola da Donna;Donna;84.000000;https://sportnetit.com/asics-gel-beyond-mt-6-w-401-1072a051.html;https://sportnetit.com/pub/media/catalog/product/a/s/asics-gel-beyond-6-mt-blu-viola-da-donna.jpg;Alta;Alzatore,Schiacciatore,Opposto,Centrale,Universale;Reattiva,Stabile;Media;1-2 Allenamenti,2-4 Allenamenti,Oltre 4 Allenamenti;Meno di 50 kg,Tra 50 e 70 kg,Oltre i 70 kg
46555;Asics;Asics Netburner Ballistic FF 2 MT Donna Blu-Viola;Donna;95.000000;https://sportnetit.com/asics-netburner-ballistic-ff-mt-2-w-404-1052a034.html;https://sportnetit.com/pub/media/catalog/product/a/s/asics-netburner-ballistic-ff-2-mt-donna-blu-viola.jpg;Alta,Mid;Alzatore,Schiacciatore,Libero,Universale;Reattiva,Morbida,Leggera;Stretta,Media;1-2 Allenamenti,2-4 Allenamenti,Oltre 4 Allenamenti;Meno di 50 kg,Tra 50 e 70 kg,Oltre i 70 kg
46554;Asics;Asics Sky Elite FF MT White-Digital Grape Donna;Donna;109.000000;https://sportnetit.com/asics-sky-elite-ff-mt-w-103-1052a023.html;https://sportnetit.com/pub/media/catalog/product/a/s/asics-sky-elite-ff-mt-white-digital-grape-donna.jpg;Alta;Alzatore,Schiacciatore,Opposto,Centrale,Universale;Morbida,Stabile;Media,Larga;2-4 Allenamenti,Oltre 4 Allenamenti;Tra 50 e 70 kg,Oltre i 70 kg
46547;Asics;Asics Gel Beyond 6 MT Blue da Uomo;Uomo;95.000000;https://sportnetit.com/asics-gel-beyond-mt-6-400-1071a050.html;https://sportnetit.com/pub/media/catalog/product/a/s/asics-gel-beyond-6-mt-blue-da-uomo.jpg;Alta;Alzatore,Schiacciatore,Opposto,Centrale,Universale;Reattiva,Stabile;Media;1-2 Allenamenti,2-4 Allenamenti,Oltre 4 Allenamenti;Meno di 70 kg,Tra 70 e 90 kg,Oltre i 90 kg
46546;Asics;Asics Netburner Ballistic FF 2 MT Azzurro-Arancione;Uomo;95.000000;https://sportnetit.com/asics-netburner-ballistic-ff-mt-2-402-1051a042.html;https://sportnetit.com/pub/media/catalog/product/a/s/asics-netburner-ballistic-ff-2-mt-azzurro-arancione.jpg;Alta,Mid;Alzatore,Schiacciatore,Libero,Universale;Reattiva,Morbida,Leggera;Stretta,Media;1-2 Allenamenti,2-4 Allenamenti,Oltre 4 Allenamenti;Meno di 70 kg,Tra 70 e 90 kg
46544;Asics;Asics Sky Elite FF MT Reborn Blue-White Uomo;Uomo;109.000000;https://sportnetit.com/asics-sky-elite-ff-mt-404-1051a032.html;https://sportnetit.com/pub/media/catalog/product/a/s/asics-sky-elite-ff-mt-reborn-blue-white-uomo.jpg;Alta;Alzatore,Schiacciatore,Opposto,Centrale,Universale;Morbida,Stabile;Media,Larga;2-4 Allenamenti,Oltre 4 Allenamenti;Tra 70 e 90 kg,Oltre i 90 kg
46584;Asics;Asics Sky Elite FF MT Tokyo Donna;Donna;108.800000;https://sportnetit.com/asics-sky-elite-ff-mt-w-701-1052a048.html;https://sportnetit.com/pub/media/catalog/product/a/s/asics-sky-elite-ff-mt-tokyo-donna.jpg;Alta;Alzatore,Schiacciatore,Opposto,Centrale,Universale;Morbida,Stabile;Media,Larga;2-4 Allenamenti,Oltre 4 Allenamenti;Tra 50 e 70 kg,Oltre i 70 kg
46583;Asics;Asics Sky Elite FF Tokyo Donna;Donna;102.000000;https://sportnetit.com/asics-sky-elite-ff-w-701-1052a047.html;https://sportnetit.com/pub/media/catalog/product/a/s/asics-sky-elite-ff-tokyo-donna.jpg;Bassa;Alzatore,Schiacciatore,Opposto,Centrale,Universale;Morbida,Stabile;Media,Larga;2-4 Allenamenti,Oltre 4 Allenamenti;Tra 50 e 70 kg,Oltre i 70 kg
46582;Asics;Asics Sky Elite FF MT Tokyo Uomo;Uomo;109.000000;https://sportnetit.com/asics-sky-elite-ff-mt-701-1051a056.html;https://sportnetit.com/pub/media/catalog/product/a/s/asics-sky-elite-ff-mt-tokyo-uomo.jpg;Alta;Alzatore,Schiacciatore,Opposto,Centrale,Universale;Morbida,Stabile;Media,Larga;2-4 Allenamenti,Oltre 4 Allenamenti;Tra 70 e 90 kg,Oltre i 90 kg
46579;Asics;Asics Metarise White-Pure Gold;Uomo;169.000000;https://sportnetit.com/asics-metarise-100-1051a058.html;https://sportnetit.com/pub/media/catalog/product/a/s/asics-metarise-white-pure-gold.jpg;Alta;Schiacciatore,Opposto,Universale;Reattiva,Stabile;Media,Larga;2-4 Allenamenti,Oltre 4 Allenamenti;Tra 70 e 90 kg,Oltre i 90 kg
47820;Adidas;Adidas Crazyflight W FX1781;Uomo,Donna,Unisex;98.000000;https://sportnetit.com/loggami/catalog/product/view/id/90113/s/adidas-crazyflight-w-fx1781/key/bf0fd432b15ffb7fa87e37deede439797a8c5f9a9c56e525cd569604d68052fd/;;;;;;;
46729;Adidas;Adidas Crazyflight Bounce 3 White;Uomo,Donna,Unisex;70.000000;https://sportnetit.com/loggami/catalog/product/view/id/91307/s/adidas-crazyflight-bounce-3-bd7906/key/bf0fd432b15ffb7fa87e37deede439797a8c5f9a9c56e525cd569604d68052fd/;https://sportnetit.com/pub/media/catalog/product/a/d/adidas-crazyflight-bounce-3-white.jpg;Bassa;Alzatore,Schiacciatore,Libero;Reattiva,Morbida,Leggera;Stretta,Media;1-2 Allenamenti,2-4 Allenamenti;Meno di 50 kg,Tra 50 e 70 kg,Meno di 70 kg,Tra 70 e 90 kg
48745;Adidas;Adidas Crazyflight Cloud White da Donna;Donna;98.000000;https://sportnetit.com/adidas-crazyflight-donna-ef2678-volley.html;https://sportnetit.com/pub/media/catalog/product/a/d/adidas-crazyflight-cloud-white-da-donna.jpg;Bassa;Alzatore,Schiacciatore,Libero;Reattiva,Morbida,Leggera;Stretta,Media;1-2 Allenamenti,2-4 Allenamenti,Oltre 4 Allenamenti;Meno di 50 kg,Tra 50 e 70 kg
47819;Adidas;Adidas Stabil Next Gen White-Black-Solar Red;Uomo,Donna,Unisex;119.000000;https://sportnetit.com/loggami/catalog/product/view/id/95504/s/adidas-stabil-next-gen-white-black-solar-red/key/bf0fd432b15ffb7fa87e37deede439797a8c5f9a9c56e525cd569604d68052fd/;https://sportnetit.com/pub/media/catalog/product/a/d/adidas-stabil-next-gen-white-black-solar-red.jpg;Mid;Alzatore,Schiacciatore,Opposto,Centrale,Universale;Morbida,Stabile;Media,Larga;2-4 Allenamenti,Oltre 4 Allenamenti;Tra 70 e 90 kg,Oltre i 90 kg
47818;Adidas;Adidas Stabil Next Gen Primeblue;Uomo,Donna,Unisex;119.000000;https://sportnetit.com/loggami/catalog/product/view/id/95515/s/adidas-stabil-next-gen-primeblue/key/bf0fd432b15ffb7fa87e37deede439797a8c5f9a9c56e525cd569604d68052fd/;https://sportnetit.com/pub/media/catalog/product/a/d/adidas-stabil-next-gen-primeblue.jpg;Mid;Alzatore,Schiacciatore,Opposto,Centrale,Universale;Morbida,Stabile;Media,Larga;2-4 Allenamenti,Oltre 4 Allenamenti;Tra 70 e 90 kg,Oltre i 90 kg
